SORT,ACCOUNT NO,ACCOUNT NAME, OPENING BALANCE , DEBIT AMOUNT , CREDIT AMOUNT , BALANCE ,,,,
 Sales of Goods ,44110100,CASH  SALES," (41,719)", -   ," 11,552 "," (53,271)",,,,
 Sales of Goods ,44110101,CREDIT SALES," (11,022,571)"," 16,077 "," 771,456 "," (11,777,950)",,,,
 Sales of Goods ,44110200,DISCOUNT ON CASH SALES," 1,862 "," 8,347 ", -   ," 10,208 ",,,,
 Sales of Goods ,44110201,DISCOUNT ON CREDIT SALES," 714,334 "," 86,188 ", 26 ," 800,496 ",,,,
 Sales of Goods ,44110202,DISCOUNT ON COOPS SALES, -   , -   , -   , -   ,,,,
 Sales of Goods ,44110203,OTHER DISCOUNT, -   , -   , -   , -   ,,,,
 Cost of Sales ,44120100,COST OF CASH SALES," 24,198 "," 6,368 ", -   ," 30,566 ",,,,
 Cost of Sales ,44120101,COST OF CREDIT SALES," 7,013,788 "," 481,683 "," 9,609 "," 7,485,861 ",,,,
 Cost of Sales ,44120500,FOC TRANSFER -A&P RECHARGEABLE," 21,701 "," 4,441 ", 667 ," 25,474 ",,,,
 Cost of Sales ,44120201,INVENTORY ADJUSTMENT, -   , -   , -   , -   ,,,,
 Gain on foreign exchange ,44220301,EXCHANGE RATE," (4,614)", 629 , 13 ," (3,998)",,,,
 Other Income ,44220302,OTHERS," (137,272)", -   , 610 ," (137,882)",,,,
 other income ,44220303,UNCLAIMED SUPPLIERS CREDIT, -   , -   , -   , -   ,,,,
 other income ,44220304,OTHERS FROM A& P AGENCY, -   , -   , -   , -   ,,,,
 other income ,44220307,RENTAL INCOME, -   , -   , -   , -   ,,,,
 Other Income ,44220333,INCOME FRM SALE OF ASSET, -   , -   , -   , -   ,,,,
 Other Income ,44220334,FERRERO MERCHANDISER INCOME," (326,914)", -   ," 22,579 "," (349,493)",,,,
 Other Income ,44220335,FERRERO 3PL INCOME," (934,729)", -   ," 51,509 "," (986,238)",,,,
 Other Income ,44220336,FERRERO SETTLEMENT INCOME, -   , -   , -   , -   ,,,,
 Other Income ,44220337,COMMISSION INCOME FROM FERGULF," (340,944)", -   ," 21,111 "," (362,056)",,,,
 Other Income ,44220338,PROFIT SHARE FROM GOODLIFE," (3,759)", -   , -   ," (3,759)",,,,
 Other Income ,44220339,INCOME FROM GOODLIFE," (88,000)", -   ," 7,000 "," (95,000)",,,,
 Other Income ,44220340,INCOME FROM BATEEL," (32,320)", -   ," 2,020 "," (34,340)",,,,
 Other Income ,44220341,INCOME FROM AL THIQA 3PL," (119,000)", -   ," 7,250 "," (126,250)",,,,
 Other Income ,44220342,FAIR VALUE ASSESSMENT," (3,500)", -   , -   ," (3,500)",,,,
 Other Income ,44220343,SHARE OF RESULT OF SULTAN INTL PRINTING, -   , -   , -   , -   ,,,,
 Other Income ,44220344,PROFIT SHARE FROM BRAND AID," (90,473)", -   , -   ," (90,473)",,,,
 Finance Cost ,44220345,INTEREST INCOME - FIXED DEPOSIT," (16,664)", -   ," 4,166 "," (20,830)",,,,
 Distribution Costs ,55110101,SALES COMMISSION," 150,209 "," 11,037 ", 370 ," 160,876 ",,,,
 Distribution Costs ,55110102,DAMAGE," 95,306 "," 4,449 ", -   ," 99,755 ",,,,
 Distribution Costs ,55110103,ADVERTISING & PROMOTION," 167,774 "," 25,595 "," 1,432 "," 191,937 ",,,,
 Distribution Costs ,55110104,CARS EXPENSES," 5,818 ", 301 , -   ," 6,119 ",,,,
 Distribution Costs ,55110107,GIFT & SAMPLE, -   , -   , -   , -   ,,,,
 Finance Cost ,55110109,REFINANCING INTEREST -KFH," 76,059 "," 3,157 ", -   ," 79,216 ",,,,
 Distribution Costs ,55110112,EXTRA DISCOUNT TO CUST," 1,539 ", -   , -   ," 1,539 ",,,,
 Distribution Costs ,55110113,STOCK TAKE VARAINCE, 821 , 39 , 1 , 859 ,,,,
 Distribution Costs ,55110116,AMORTIZATION AGENCY TRANSFER, -   , -   , -   , -   ,,,,
 other income ,55110118,PRIOR YEAR EXP ADJ, -   , -   , -   , -   ,,,,
 Distribution Costs ,55110119,DAMAGES - HHT," 16,434 ", 697 , -   ," 17,132 ",,,,
 Distribution Costs ,55110120,SELLING EXPENSES, -   , -   , -   , -   ,,,,
 Distribution Costs ,55110121,SPECIAL PAYMENT - SUBWAY, -   , -   , -   , -   ,,,,
 Distribution Costs ,55110122,LISTING FEE AMORTIZATION, -   , -   , -   , -   ,,,,
 Distribution Costs ,55110123,MUNCIPALITY SAMPLES," 4,227 ", 322 , -   ," 4,550 ",,,,
 Distribution Costs ,55110124,REBATES," 226,764 "," 5,684 ", 689 ," 231,760 ",,,,
 Distribution Costs ,55110125,RENTALS - CONTRACTUAL," 180,937 "," 11,627 "," 3,505 "," 189,058 ",,,,
 Distribution Costs ,55110126,RENTALS - NON CONTRACTUAL," 114,218 "," 6,964 ", 290 ," 120,892 ",,,,
 Distribution Costs ,55110127,LISTING FEES," 40,873 "," 3,037 "," 1,432 "," 42,478 ",,,,
 Distribution Costs ,55110128,OFF SHELF DISPLAY (OSD)," 220,281 "," 14,227 "," 1,581 "," 232,927 ",,,,
 Distribution Costs ,55110129,PROMOTION SPENDS," 22,311 ", 109 , 96 ," 22,324 ",,,,
 Distribution Costs ,55110130,OTHER MARKET SPENDS," 75,471 "," 6,219 ", 539 ," 81,150 ",,,,
 Distribution Costs ,55110131,IN-MARKET LIQUIDATION," 36,927 "," 1,854 ", 405 ," 38,377 ",,,,
 Distribution Costs ,55110132,CONTRACT &  INVENTORY SUPPORT," 122,153 "," 20,483 "," 5,004 "," 137,633 ",,,,
 Distribution Costs ,55110133,PRICE DIFF  PRICE INCREASE FEES," 10,991 ", 695 , 50 ," 11,636 ",,,,
 Distribution Costs ,55110134,FOC GOODS INCOME," (66,803)", -   ," 2,613 "," (69,416)",,,,
 Distribution Costs ,55110135,A&P SUPPORT FROM BP (NON GP)," (337,017)", -   ," 18,696 "," (355,713)",,,,
 Distribution Costs ,55110136,HORECA SPENDS," 10,591 ", -   , -   ," 10,591 ",,,,
 -   ,55110137,ROUND OFF, -   , -   , -   , -   ,332157.36,88723.042,6339,414541.402
 -   ,55110138,CONTRACT SUPPORT, -   , -   , -   , -   ,,,,
 Distribution Costs ,55120101,SALARIES," 1,364,404 "," 97,170 "," 6,707 "," 1,454,867 ",,,,
 Distribution Costs ,55120102,LEAVE," 110,447 "," 8,844 "," 1,450 "," 117,841 ",,,,
 Distribution Costs ,55120103,INDEMNITY," 164,824 "," 9,449 "," 1,450 "," 172,823 ",,,,
 Administrative expenses ,55120104,MANAGER BOUNS," 55,000 ", -   , -   ," 55,000 ",,,,
 Distribution Costs ,55120105,STAFF INSURANCE," 39,994 "," 9,864 "," 5,114 "," 44,743 ",,,,
 Administrative expenses ,55120106,STAFF MEDICAL CHARGES, -   , -   , -   , -   ,,,,
 Administrative expenses ,55120107,TEMPORARY LABOUR & DRIVER," 55,239 "," 3,945 ", 765 ," 58,419 ",,,,
 Distribution Costs ,55120108,TRAINING," 3,015 "," 8,931 "," 8,780 "," 3,166 ",,,,
 Administrative expenses ,55120109,STAFF OVERTIME," 73,341 "," 4,931 ", -   ," 78,272 ",,,,
 Distribution Costs ,55120110,STAFF AIR TICKET," 71,716 "," 4,619 ", -   ," 76,334 ",,,,
 Distribution Costs ,55120111,SCHOOL FEES," 31,110 "," 4,983 ", 458 ," 35,636 ",,,,
 Distribution Costs ,55120112,STAFF WELFARE," 1,005 "," 1,011 ", -   ," 2,016 ",,,,
 Distribution Costs ,55120113,EXTRA COMMISSION, 0 , -   , -   , 0 ,,,,
 Distribution Costs ,55120114,STAFF HEALTH CARD," 2,332 ", 188 , -   ," 2,520 ",,,,
 Distribution Costs ,55120115,STF FAMILY VISA, 45 , -   , -   , 45 ,,,,
 Distribution Costs ,55120116,STAFF RECRUITMENT CHARGES, -   , -   , -   , -   ,,,,
 Distribution Costs ,55120117,BEST AWARDS, -   , -   , -   , -   ,,,,
 Distribution Costs ,55120118,DRIVING LICENSE FEES, -   , -   , -   , -   ,,,,
 Distribution Costs ,55120119,STAFF CIVIL ID FEES," 1,530 ", 185 , -   ," 1,715 ",,,,
 Distribution Costs ,55120120,PENALTIES - VISA, -   , -   , -   , -   ,,,,
 Distribution Costs ,55120121,STAFF GROUP LIFE INSURANCE," 13,425 ", 696 , -   ," 14,121 ",,,,
 -   ,55120122,STRETCH BONUS, -   , -   , -   , -   ,,,,
 Distribution Costs ,55120123,INDMENITY CATCHUP, -   , -   , -   , -   ,,,,
 Administrative expenses ,55120124,SECURITY GUARD-OUTSOURCED," 34,050 "," 2,430 "," 1,080 "," 35,400 ",,,,
 Distribution Costs ,55120125,SALARY RECHARGE," (61,952)", -   ," 8,516 "," (70,468)",,,,
 Distribution Costs ,55120126,SALARY EX-GRATIA, -   , -   , -   , -   ,,,,
 Distribution Costs ,55130101,MITSUBISH  #19/6744 - LOG-V09," 2,649 ", 231 , 38 ," 2,842 ",,,,
 Distribution Costs ,55130102,XXMITSUBISHI#16/6967 - LOG-V10, -   , -   , -   , -   ,,,,
 Distribution Costs ,55130107,MITSUBISHI#42/4623 -  LOG-V06, -   , -   , -   , -   ,,,,
 Distribution Costs ,55130113,NISSAN#2/22404 - LOG-V04," 1,734 ", 254 , -   ," 1,987 ",,,,
 Distribution Costs ,55130128,XXXTOYOTA#33/5416 - CPD (LT)-V07, -   , -   , -   , -   ,,,,
 Distribution Costs ,55130130,XXXNISSAN#7/5188 - CPD(LT)-V14, -   , -   , -   , -   ,,,,
 Distribution Costs ,55130131,XXXMITSUBISHI#9/2889 - CPD(LT) L300-V13, -   , -   , -   , -   ,,,,
 Distribution Costs ,55130132,FORKLIFT#17281 -  LOG-V11, -   , -   , -   , -   ,,,,
 Distribution Costs ,55130136,MITSUBISHI 16/6825 -  LOG-V12," 2,857 ", 232 , -   ," 3,088 ",,,,
 Distribution Costs ,55130153,XXXFORKLIFT 8441 -  LOG-V05, -   , -   , -   , -   ,,,,
 Distribution Costs ,55130154,MITSUBISHI- 5/85020 -  LOG-V15," 2,438 ", 78 , -   ," 2,516 ",,,,
 Distribution Costs ,55130155,MITSUBISHI-9/30258 -  LOG-V16," 3,356 ", 127 , -   ," 3,482 ",,,,
 Distribution Costs ,55130156,ISUZU 19/17885 -  LOG-V17," 2,531 ", 159 , -   ," 2,690 ",,,,
 Distribution Costs ,55130157,MITSUBISHI-  5/84205 -  LOG-V18," 2,482 ", 109 , -   ," 2,591 ",,,,
 Distribution Costs ,55130158,MITSUBISHI   5/80820 -  LOG-V19," 2,228 ", 138 , -   ," 2,366 ",,,,
 Distribution Costs ,55130159,MITSUBISHI   6/90521 -  LOG-V20," 2,517 ", 127 , -   ," 2,644 ",,,,
 Distribution Costs ,55130160,ISUZU 4/87409 - CPD(BRN)-V21," 2,365 ", 217 , -   ," 2,582 ",,,,
 Distribution Costs ,55130161,ISUZU 4/87196 - CPD(BRN)-V22," 2,008 ", -   , -   ," 2,008 ",,,,
 Distribution Costs ,55130162,ISUZU 5/91368 - CPD(BRN)-V23," 1,786 ", 183 , -   ," 1,969 ",,,,
 Distribution Costs ,55130163,ISUZU 4/87110 - CPD(BRN)-V24," 1,698 ", 96 , -   ," 1,793 ",,,,
 Distribution Costs ,55130165,ISUZU 6/13048 -  CPD(BRN)-V25, -   , -   , -   , -   ,,,,
 Distribution Costs ,55130166,ISUZU 7/27250 - CPD(BRN)-V26," 1,878 ", 351 , -   ," 2,229 ",,,,
 Distribution Costs ,55130167,ISUZU 3/77831 - LOG," 2,485 ", 149 , -   ," 2,633 ",,,,
 Distribution Costs ,55130168,ISUZU 3/77637 - CPD(BRN)-V28," 2,237 ", 71 , -   ," 2,308 ",,,,
 Distribution Costs ,55130169,TOYOTA 5/31762 - LT-V32," 1,676 ", 63 , -   ," 1,739 ",,,,
 Distribution Costs ,55130170,TOYOTA 6/41000 - CPD(LT)-V35, -   , -   , -   , -   ,,,,
 Distribution Costs ,55130171,TOYOTA 3/17344 - CPD(LT)-V36, -   , -   , -   , -   ,,,,
 Distribution Costs ,55130172,TOYOTA HIACE 6/40733 - CPD(LT)-V37, -   , -   , -   , -   ,,,,
 Distribution Costs ,55130173,TOYOTA HIACE 9/71879 - CPD(LT)-V38," 1,519 ", 170 , -   ," 1,689 ",,,,
 Distribution Costs ,55130176,ISUZU 13/11116 - LOG-V30," 2,160 ", 81 , -   ," 2,241 ",,,,
 Distribution Costs ,55130177,ISUZU 13/11282- LOG-V31," 2,352 ", 159 , -   ," 2,511 ",,,,
 Distribution Costs ,55130178,ISUZU 17/53442-LOG-V 34," 1,942 ", 71 , -   ," 2,013 ",,,,
 Distribution Costs ,55130179,TOYOTA 3/11230 - CPD(LT)-V42, 772 , 176 , -   , 948 ,,,,
 Distribution Costs ,55130180,TOYOTA 3/14815 - CPD(LT)-V43, 912 , 104 , -   ," 1,016 ",,,,
 Distribution Costs ,55130181,TOYOTA 2/93603 -  CPD(LT)-V44, -   , -   , -   , -   ,,,,
 Distribution Costs ,55130182,NISSAN 11/58449 - CPD-V29, 403 , 10 , -   , 413 ,,,,
 Distribution Costs ,55130183,ISUZU 11/78393 - LOG-V39," 2,380 ", 137 , -   ," 2,516 ",,,,
 Distribution Costs ,55130184,ISUZU 11/89716 - LOG-V40," 3,392 ", 116 , -   ," 3,508 ",,,,
 Distribution Costs ,55130185,HYUNDAI 11/74065 - CPD-V33, 591 , 53 , -   , 644 ,,,,
 Distribution Costs ,55130186,ISUZU 12/83885 - LOG-V41," 2,163 ", 329 , -   ," 2,492 ",,,,
 Distribution Costs ,55130187,DENG FENG 11/58599  - BRN-V45, -   , -   , -   , -   ,,,,
 Distribution Costs ,55130188,DENG FENG 13/21478 - LOG-V46, -   , -   , -   , -   ,,,,
 Distribution Costs ,55130189,HINO 13/15597 - V47 LOG," 2,420 ", 112 , -   ," 2,532 ",,,,
 Distribution Costs ,55130190,VAN 13/53293 -V48 CPD," 2,102 ", 90 , 12 ," 2,179 ",,,,
 Distribution Costs ,55130191,DENG FENG 13/35089 - LOG-V49, -   , -   , -   , -   ,,,,
 Distribution Costs ,55130192,XXXXX 2/93603 LOG - V44, -   , -   , -   , -   ,,,,
 Distribution Costs ,55130193,14/26180 - LOG BW VEH, 376 , -   , -   , 376 ,,,,
 Distribution Costs ,55130194,6/23106 - LOG BW VEH, -   , -   , -   , -   ,,,,
 Distribution Costs ,55130195,14/86107 - V52 CPD ETHNIC," 2,222 ", 240 , -   ," 2,462 ",,,,
 Distribution Costs ,55130196,14/86011 -  V53 CPD ETHNIC," 1,451 ", 18 , -   ," 1,469 ",,,,
 Distribution Costs ,55130197,14/48627 - V54 CPD ETHNIC," 1,799 ", 139 , -   ," 1,937 ",,,,
 Administrative expenses ,55130198,FORK LIFT MAINTENANCE, -   , -   , -   , -   ,,,,
 Distribution Costs ,55130199,14/62180 - V51 LOG," 2,067 ", 141 , -   ," 2,208 ",,,,
 Distribution Costs ,55130200,14/76310 - V50 LOG," 2,353 ", 56 , -   ," 2,409 ",,,,
 Distribution Costs ,55130201,16/76270 - V55 LOG, -   , -   , -   , -   ,,,,
 Distribution Costs ,55130202,TOYOTA COASTER 19/64026 TRANSPORT VAN," 1,228 ", 164 , 62 ," 1,330 ",,,,
 -   ,55140101,GM ALLOCATION, -   , -   , -   , -   ,,,,
 -   ,55140102,LOG ALLOCATION, -   , -   , -   , -   ,,,,
 -   ,55140103,IT ALLOCATION, -   , -   , -   , -   ,,,,
 -   ,55140104,BS ALLOCATION, -   , -   , -   , -   ,,,,
 -   ,55140110,BW RECHARGE, -   , -   , -   , -   ,,,,
 Administrative expenses ,55150101,AUDIT FEES," 5,667 ", 354 , -   ," 6,021 ",,,,
 Administrative expenses ,55150102,LEGAL FEES," 47,298 "," 2,939 ", -   ," 50,237 ",,,,
 Administrative expenses ,55150103,MAINTENANCE -PROPERTY," 114,068 "," 8,383 "," 4,963 "," 117,489 ",,,,
 Administrative expenses ,55150104,COMMUNICATION," 14,740 ", 867 , -   ," 15,607 ",,,,
 Administrative expenses ,55150105,STATIONARY," 23,400 "," 2,486 "," 1,350 "," 24,536 ",,,,
 Administrative expenses ,55150106,ELECTRICITY & WATER," 38,329 "," 2,396 ", -   ," 40,725 ",,,,
 Administrative expenses ,55150107,RENTS," 196,199 "," 27,248 ", -   ," 223,448 ",,,,
 Administrative expenses ,55150108,TRAVELING EXPENSES," 22,026 "," 1,995 ", 650 ," 23,371 ",,,,
 Administrative expenses ,55150109,SUBSCRIPTION," 2,125 ", 144 , -   ," 2,270 ",,,,
 Administrative expenses ,55150110,PASSPORT & VISA, -   , -   , -   , -   ,,,,
 Administrative expenses ,55150111,MISCELLANEOUS, -   , -   , -   , -   ,,,,
 Administrative expenses ,55150112,COMPUTER EXPENSES," 23,963 "," 3,214 "," 1,400 "," 25,777 ",,,,
 Administrative expenses ,55150113,COURIER & POSTAGE, 905 , 44 , -   , 949 ,,,,
 Administrative expenses ,55150114,INSURANCE & OTHERS," 32,400 "," 2,025 ", -   ," 34,425 ",,,,
 Administrative expenses ,55150115,ENTERTAINMENTS," 14,972 ", 906 , 100 ," 15,778 ",,,,
 Administrative expenses ,55150116,OFFICE EXPENSES," 26,617 "," 3,049 "," 1,560 "," 28,105 ",,,,
 Administrative expenses ,55150117,BAD&DOUBTFUL DEBTS," 7,000 ", -   , -   ," 7,000 ",,,,
 Administrative expenses ,55150120,DIRECTOR EXPENSES, -   , -   , -   , -   ,,,,
 other income ,55150123,LOSS & PROFIT SALES ASSETS, -   , -   , -   , -   ,,,,
 Provision on obsolete inventories ,55150124,EXPENSES FOR UNDATED STOCK," 1,000 ", -   , -   ," 1,000 ",,,,
 Administrative expenses ,55150334,SOCIAL SECURITY FOR NON KUWAITI," 16,687 "," 1,171 ", -   ," 17,858 ",,,,
 Management fees ,55150335,MANAGEMENT FEES, -   , -   , -   , -   ,,,,
 Administrative expenses ,55150336,ADDITIONAL WHS," 25,153 "," 12,250 "," 7,375 "," 30,028 ",,,,
 -   ,55150337,YEAR END RET EARNING CONTROL A/C, -   , -   , -   , -   ,,,,
 Administrative expenses ,55150338,PENALTY & FINES, 1 , -   , -   , 1 ,,,,
 Distribution Costs ,55150339,ADDITIONAL TRUCKS," 2,165 ", -   , -   ," 2,165 ",,,,
 Administrative expenses ,55150340,MIRNA EXPENSE," 1,600 ", 100 , -   ," 1,700 ",,,,
 Administrative expenses ,55150341,ONLINE SERVER," 2,400 ", 100 , -   ," 2,500 ",,,,
 -   ,55150342,GMOH ALLOCATION, -   , -   , -   , -   ,,,,
 -   ,55150343,LOGISTICS ALLOCATION, -   , -   , -   , -   ,,,,
 Administrative expenses ,55150344,PANTRY EXPENSES," 5,229 ", 682 , -   ," 5,911 ",,,,
 Administrative expenses ,55150345,BUSINESS LUNCH," 8,445 ", 630 , 177 ," 8,898 ",,,,
 Depreciation & amortization ,55150346,AMORTIZATION OF GOODWILL, -   , -   , -   , -   ,,,,
 Administrative expenses ,55150347,HEALTH & SAFETY, -   , -   , -   , -   ,,,,
 Administrative expenses ,55150348,SABHAN WAREHOUSE RENT," 314,840 "," 20,000 ", -   ," 334,840 ",,,,
 Management fees ,55150349,MANAGEMENT FEES - TIH," 51,219 "," 3,201 ", -   ," 54,420 ",,,,
 Administrative expenses ,55150350,IMPAIRMENT IN ASSOCIATE COMPANY, -   , -   , -   , -   ,,,,
 Administrative expenses ,55150351,LICENSE, (0), -   , -   , (0),,,,
 Administrative expenses ,55150352,AMC - ANNUAL MAINTENANCE CONTRACT," 6,619 "," 2,973 ", -   ," 9,592 ",,,,
 Administrative expenses ,55150353,ISO 9001:2015 & ISO 22000:2018," 4,480 ", 280 , -   ," 4,760 ",,,,
 Depreciation & amortization ,55160101,DEPRECIATION ON BUILDING &  WAREHOUSE, -   , -   , -   , -   ,,,,
 Depreciation & amortization ,55160102,DEPRECIATION ON CARS," 5,308 ", 312 , -   ," 5,619 ",,,,
 Depreciation & amortization ,55160103,DEPRECIATION ON EQUIPMENT," 89,950 "," 6,547 ", -   ," 96,497 ",,,,
 Depreciation & amortization ,55160104,DEPRECIATION ON COMPUTERS," 7,990 ", 460 , -   ," 8,450 ",,,,
 Depreciation & amortization ,55160105,DEPRECIATION ON MACHINERY, -   , -   , -   , -   ,,,,
 Finance Cost ,55170101,BANK INTEREST, 28 , -   , -   , 28 ,,,,
 Finance Cost ,55170102,BANK CHARGES," 6,730 ", 353 , 30 ," 7,053 ",,,,
 Finance Cost ,55170103,BANK INTEREST(PROMISSORY NOTE), -   , -   , -   , -   ,,,,
 Finance Cost ,55170104,ENHANCE LOAN-INTEREST, -   , -   , -   , -   ,,,,
 Finance Cost ,55170105,FACILITY RENEWAL CHARGES, -   , -   , -   , -   ,,,,
 Finance Cost ,55170106,ABC INTEREST, 1 , -   , -   , 1 ,,,,
 Finance Cost ,55170107,INTEREST INCOME - BW, -   , -   , -   , -   ,,,,
 Finance Cost ,55170108,INTEREST INCOME - GOODLIFE," (15,082)", -   ," 1,009 "," (16,091)",,,,
 Cash & Chq in Hand ,11110101,CASH AND CHEQUES ON HAND, -   ," 62,043 "," 62,043 ", -   ,,,,
 Cash & Chq in Hand ,11110102,PETTY CASH HEAD OFFICE, 353 ," 26,407 "," 25,877 ", 883 ,,,,
 Cash & Chq in Hand ,11110108,AYAZ ISHAQ 4001 - PETTY CASH, -   , -   , -   , -   ,,,,
 Cash & Chq in Hand ,11110120,CASH  ON HAND HHT, (0)," 5,852 "," 5,852 ", (1),,,,
 Cash & Chq in Hand ,11110121,COLLECTION CASH HHT, -   , -   , -   , -   ,,,,
 Cash & Chq in Hand ,11110122,PETTY CASH IMPREST - LOGISTICS, 500 , -   , -   , 500 ,,,,
 Cash & Chq in Hand ,11110123,PETTY CASH IMPREST - HR, 500 , -   , -   , 500 ,,,,
 Cash & Chq in Hand ,11110124,PETTY CASH IMPREST - HR KHALED SHAMMARY, -   , -   , -   , -   ,,,,
 Bank Balance and cash ,11110201,GULF BANK 09633119, 122 , -   , -   , 122 ,,,,
 Bank Balance and cash ,11110202,KUWAIT FINANCE HOUSE (K.F.H)," 218,324 "," 101,998 "," 200,005 "," 120,317 ",,,,
 Bank Balance and cash ,11110203,AL AHLI BANK KD A/C," 72,974 ", -   , -   ," 72,974 ",,,,
 Bank Balance and cash ,11110205,BURGAN BANK," 3,926 ", -   , -   ," 3,926 ",,,,
 Bank Balance and cash ,11110206,NATIONAL BANK(0003868710101 - KD)," 168,916 "," 124,255 "," 182,618 "," 110,554 ",,,,
 Bank Balance and cash ,11110207,GULF BANK 06219808," 197,493 "," 199,461 "," 206,827 "," 190,128 ",,,,
 Bank Balance and cash ,11110210,GULF BANK 04803038 ($)," 2,745 ", -   , -   ," 2,745 ",,,,
 Bank Balance and cash ,11110213,NATIONAL BANK(0003868710301 $), -   , -   , -   , -   ,,,,
 Bank Balance and cash ,11110214,BANK MUSCAT, -   , -   , -   , -   ,,,,
 term loan ,11110215,ARAB BANKING CORP $, -   , -   , -   , -   ,,,,
 Bank Balance and cash ,11110216,HSBC 001-026871-001, -   , -   , -   , -   ,,,,
 Bank Balance and cash ,11110217,KFH  - FACTORING UNDER COLLECTION, -   , -   , -   , -   ,,,,
 Bank Balance and cash ,11110218,BANK OF BAHRAIN KUWAIT - BBK," 549,985 "," 477,601 "," 325,809 "," 701,776 ",,,,
 Bank Balance and cash ,11110219,FIXED DEPOSIT GULF BANK 1," 500,000 ", -   , -   ," 500,000 ",,,,
 Bank Balance and cash ,11110220,FIXED DEPOSIT GULF BANK 2," 500,000 ", -   , -   ," 500,000 ",,,,
 Bank Balance and cash ,11110221,KUWAIT INTERNATIONAL BANK - KIB 011010223151," 1,000 ", -   , -   ," 1,000 ",,,,
 Cash & Chq in Hand ,11110301,CHEQUES ON HAND, 1 ," 164,503 "," 164,503 ", 1 ,,,,
 Cash & Chq in Hand ,11110302,POST DATED CHEQUES," 44,932 "," 95,582 "," 96,630 "," 43,885 ",,,,
 Cash & Chq in Hand ,11110303,IMMATURE CHEQUES," (35,093)"," 55,447 "," 54,400 "," (34,045)",,,,
 Cash & Chq in Hand ,11110310,POST DATED CHEQUES HHT," (9,843)", -   , -   ," (9,843)",,,,
 Cash & Chq in Hand ,11110311,IMMATURE CHEQUES HHT, -   , -   , -   , -   ,,,,
 Bank Borrowings ,11110501,AHLI L/C, -   , -   , -   , -   ,,,,
 Bank Borrowings ,11110503,GULF L/C, -   , -   , -   , -   ,,,,
 Bank Borrowings ,11110506,BANK MUSCAT L/C, -   , -   , -   , -   ,,,,
 Account Receivable & Prepayments ,11110601,FERRERO CLAIMS, -   , -   , -   , -   ,,,,
 Account payables and accruals ,11110605,FONTERA CLAIMS, -   , -   , -   , -   ,,,,
 Account payables and accruals ,11110607,WESLEY CLAIM, -   , -   , -   , -   ,,,,
 Account payables and accruals ,11110608,STORCK CLAIM, -   , -   , -   , -   ,,,,
 Account Receivable & Prepayments ,11110609,STAFF ZAIN BILLS CONTROL," 3,959 ", 757 , 131 ," 4,585 ",,,,
 Cash & Chq in Hand ,11110610,PETTY CASH - CASH SALARY, 502 ," 3,927 "," 3,927 ", 502 ,,,,
 Account Receivable & Prepayments ,11110611,KIMBERLY CLAIM, -   , -   , -   , -   ,,,,
 Account Receivable & Prepayments ,11110612,HARIBO CLAIM," 4,910 ", -   , -   ," 4,910 ",,,,
 Account Receivable & Prepayments ,11110613,SYON LOGISTICS CLAIM, -   , -   , -   , -   ,,,,
 Account payables and accruals ,11110614,BAHLSEN CLAIMS," 1,220 ", -   , -   ," 1,220 ",,,,
 Account Receivable & Prepayments ,11110615,FERRERO CLAIMS -  HR RELATED, -   , -   , -   , -   ,,,,
 Account Receivable & Prepayments ,11110616,GULF SEA FOOD CLAIM (GSF), -   , -   , -   , -   ,,,,
 Account Receivable & Prepayments ,11110617,FERRERO INVOICE DIFF CLAIM, -   , -   , -   , -   ,,,,
 Account Receivable & Prepayments ,11110618,LORENZ CLAIMABLE," 1,200 ", -   , -   ," 1,200 ",,,,
 Account Receivable & Prepayments ,11110619,FERGULF KUWAIT GEN TRAD COMPANY," 258,254 "," 105,388 "," 121,980 "," 241,662 ",,,,
 Account payables and accruals ,11110620,METCO (MIDDLE EAST TELECOMMUNICATION), 7 , -   , -   , 7 ,,,,
 Account payables and accruals ,11110621,SUPPLIER CLAIMS - IMPORTS," 7,156 "," 1,563 ", -   ," 8,720 ",,,,
 Cash & Chq in Hand ,11110622,PETTY CASH CONTROL, -   ," 9,470 "," 9,470 ", -   ,,,,
 Account Receivable & Prepayments ,11110623,FERGULF MARKET SPENDS," 35,619 ", -   , -   ," 35,619 ",,,,
 Account Receivable & Prepayments ,11110624,AL THIQA CLAIMS," 2,657 "," 7,250 "," 9,231 ", 676 ,,,,
 Account Receivable & Prepayments ,11110625,BATEEL CLAIMS," 2,020 "," 2,020 ", -   ," 4,040 ",,,,
 Account Receivable & Prepayments ,11120101,TRADE RECEIVABLE," 1,429,696 "," 843,134 "," 763,800 "," 1,509,030 ",,,,
 Account Receivable & Prepayments ,11120106,PROV FOR BAD &DOUBTFUL CUSTOMERS, -   , -   , -   , -   ,,,,
 Account payables and accruals ,11120111,PROVISION FOR DEBIT NOTES," (6,136)", -   , -   ," (6,136)",,,,
 Account Receivable & Prepayments ,11120112,PROVISION FOR BAD & DOUBTFUL - CA," (224,421)", -   , -   ," (224,421)",,,,
 Account Receivable & Prepayments ,11120113,PROVISION FOR BAD & DOUBTFUL - FSD," (278,966)", -   , -   ," (278,966)",,,,
 Account Receivable & Prepayments ,11120301,PREPAID RENTS, -   , -   , -   , -   ,,,,
 Account Receivable & Prepayments ,11120302,REFUNDABLE DEPOSIT," 7,182 ", -   , -   ," 7,182 ",,,,
 Account Receivable & Prepayments ,11120303,PREPAID EXPENSES," 2,762 ", -   , 857 ," 1,905 ",,,,
 Account Receivable & Prepayments ,11120304,ADVANCE PAYMENT INSURANCE," 18,175 ", 128 ," 2,974 "," 15,329 ",,,,
 Account Receivable & Prepayments ,11120305,IMAD SULTAN, 801 , -   , -   , 801 ,,,,
 Account Receivable & Prepayments ,11120306,HUSSAIN JAWAD, 70 , -   , -   , 70 ,,,,
 Amount due from related parties ,11120307,MUSTAFA SULTAN," 14,032 ", -   , -   ," 14,032 ",,,,
 Amount due from related parties ,11120308,TAWFIQ SULTAN," 5,655 ", -   , -   ," 5,655 ",,,,
 Account Receivable & Prepayments ,11120309,MOHAMMED TAWFIQ SULTAN," 16,311 ", -   , -   ," 16,311 ",,,,
 Account Receivable & Prepayments ,11120325,PREPAID STAFF VISA, -   , -   , -   , -   ,,,,
 Account payables and accruals ,11120326,PREPAID LISTING FEES," (39,984)", -   , -   ," (39,984)",,,,
 Account payables and accruals ,11120327,BW FOOD AGENCY TRANSFER, -   , -   , -   , -   ,,,,
 Account Receivable & Prepayments ,11120328,PREPAID MARKET RENTALS," 13,986 "," 3,105 "," 2,350 "," 14,741 ",,,,
 Amount due to related parties ,11120401,BUSTAN NATIONAL RECHARGE," 106,657 "," 21,442 "," 70,549 "," 57,550 ",,,,
 Amount due to related parties ,11120402,TRIVENI COMPANY, -   , -   , -   , -   ,,,,
 Amount due from related parties ,11120403,SULTAN FURNISHING CO.," 2,471 ", -   , -   ," 2,471 ",,,,
 Amount due from related parties ,11120404,JUTEN, -   , -   , -   , -   ,,,,
 Account payables and accruals ,11120405,TOWEL INTERNATIONAL GROUB, 163 , 66 , -   , 228 ,,,,
 Loan to Relate Party ,11120406,T I H LOAN, -   , -   , -   , -   ,,,,
 Amount due from related parties ,11120407,AL SUMOD PETROLEUM, -   , -   , -   , -   ,,,,
 Amount due from related parties ,11120408,W.J.TOWELL - ENHANCE UAE, (0), -   , -   , (0),,,,
 Amount due from related parties ,11120409,ENHANCE- OMAN, -   , -   , -   , -   ,,,,
 Account payables and accruals ,11120410,MAJAN DISTRIBUTION-MDC, -   , -   , -   , -   ,,,,
 Account payables and accruals ,11120411,AGENCY TRANSFER FEE, -   , -   , -   , -   ,,,,
 Amount due to related parties ,11120412,BUSTAN WATANIYA-DEBIT NOTE, (614), -   , -   , (614),,,,
 Loan to Relate Party ,11120413,BUSTAN WATANIYA-LOAN, -   , -   , -   , -   ,,,,
 Amount due from related parties ,11120414,GOOD LIFE TRADING CO.," 63,325 "," 59,723 "," 5,000 "," 118,048 ",,,,
 Loan to Relate Party ,11120415,LOAN TO FERGULF KUWAIT GEN.TRAD.W.L.L," 749,700 ", -   , -   ," 749,700 ",,,,
 Loan to Relate Party ,11120416,T I H CURRENT ACCOUNT (FRUITS & VEGETABLES), -   , -   , -   , -   ,,,,
 Amount due from related parties ,11120417,BRAND AID," 102,499 "," 12,731 ", -   ," 115,231 ",,,,
 Amount due from related parties ,11120418,KUWAIT DANA LUBES COMPANY WLL, -   , -   , -   , -   ,,,,
 Amount due to related parties ,11120419,SULTAN INTERNATIONAL PRNTING," (72,277)", -   , -   ," (72,277)",,,,
 Amount due from related parties ,11120420,BRAND AID DESIGN & PRODUCTION DEPT," 73,422 "," 1,838 ", -   ," 75,260 ",,,,
 Amount due from related parties ,11120421,KUWAIT UNITED CHEMALLOYS MANUFACTURING CO. (KUCM), (225), -   , -   , (225),,,,
 Account Receivable & Prepayments ,21702559,RAJESH DAYANAND KEDAR - WH - 4066, 8 , -   , -   , 8 ,,,,
 Account Receivable & Prepayments ,32506721,ASHRAF M KODAYIL - 2276, -   , -   , -   , -   ,,,,
 Account Receivable & Prepayments ,53006039,Nisanth Pthiyaril - WH - 4063, -   , -   , -   , -   ,,,,
 Account Receivable & Prepayments ,61101799,ANUP JOSEPH NAZARETH IGNATIOUS ROMAN 1040, -   , -   , -   , -   ,,,,
 Account Receivable & Prepayments ,71601197,ABDUL AZIZ AHMED AL TAMIMI  KUWAITI - 2277, -   , -   , -   , -   ,,,,
 Account Receivable & Prepayments ,90904254,ISALM RAGAB KAMEL ELMADAWY - 2271, -   , -   , -   , -   ,,,,
 Account Receivable & Prepayments ,100300975,MAHDY TAMAH MOHAMMED  - HR - 1015, 293 , 23 , -   , 315 ,,,,
 Account Receivable & Prepayments ,100501924,MOHAMMED NASSER HIJAZI - FIN - 1029, -   , -   , -   , -   ,,,,
 Account Receivable & Prepayments ,100700544,ADNAN ALI HUSSAIN - FIN - 1006, -   , -   , -   , -   ,,,,
 Account Receivable & Prepayments ,110115207,MOHAMED KHALEEL - GIS - 1021, -   , -   , -   , -   ,,,,
 Account Receivable & Prepayments ,110700048,NABIL MUSCATI - GEN - 2153," 3,746 ", -   , -   ," 3,746 ",,,,
 Account Receivable & Prepayments ,112301207,NOURA GHUSAIN SAEED MAHDI - 1037, -   , -   , -   , -   ,,,,
 Account Receivable & Prepayments ,112301287,RESHMA SYLVIA FERNANDES - HR - 1041, -   , -   , -   , -   ,,,,
 Account Receivable & Prepayments ,120504757,HUSSAIN ASGAR ALI (FERRERO) - GEN - 2189, -   , -   , -   , -   ,,,,
 Account Receivable & Prepayments ,120602777,ASHWIN KUMAR POONJAROTTU ANNI CPD - 2274, -   , -   , -   , -   ,,,,
 Account Receivable & Prepayments ,120703157,RAMI HILAL HILAL - ITD - 1012, -   , -   , -   , -   ,,,,
 Account Receivable & Prepayments ,120704484,VINOD SHENOY - 1044, -   , -   , -   , -   ,,,,
 Account Receivable & Prepayments ,120800996,FATEMAH SHARAFI BAJGAN - GIS - 1033, -   , -   , -   , -   ,,,,
 Account Receivable & Prepayments ,121105655,NORMAN DSOUZA -HR- 1028, -   , -   , -   , -   ,,,,
 Account Receivable & Prepayments ,121200058,BASHAYER ALI KHALIF - GEN - 1022, -   , -   , -   , -   ,,,,
 Account Receivable & Prepayments ,122005107,MUZAMMIL DAWOOD RAWAL - ITD - 1031, -   , -   , -   , -   ,,,,
 Account Receivable & Prepayments ,122401112,KHALED AYED EID ALDHUFEERI - GEN - 1027, 32 , -   , -   , 32 ,,,,
 Account Receivable & Prepayments ,122701886,PRABAKAR KOTA - ITD - 4037, -   , -   , -   , -   ,,,,
 Account Receivable & Prepayments ,122904148,PAULSON PANDARATHIL JAMES - 1045, -   , -   , -   , -   ,,,,
 Account Receivable & Prepayments ,130601868,NOURAH D SH A ALAJMI - 1043, 200 , 200 , 200 , 200 ,,,,
 Account Receivable & Prepayments ,130602733,BABAR MUHAMMAD SHARIF - ITD - 1035, -   , -   , -   , -   ,,,,
 Account Receivable & Prepayments ,131300262,NIDAL MOHAMAD YASIN - ITD - 1009, 153 , -   , -   , 153 ,,,,
 Account Receivable & Prepayments ,131902393,Sunand Lal Kandoth CPD - 2256, -   , -   , -   , -   ,,,,
 Account Receivable & Prepayments ,140101133,KHALEID AYADA HAMAAD - HR - 1014, (719), -   , -   , (719),,,,
 Account Receivable & Prepayments ,140700494,SAMAR KHALED - HR - 1002, -   , -   , -   , -   ,,,,
 Account Receivable & Prepayments ,140700494A,MOHAMMAD AHMAD SALEEM SHAABAN - 2380, (75), 250 , -   , 175 ,,,,
 Account Receivable & Prepayments ,141204692,SOUD SULTAN - GIS - 1017, -   , -   , -   , -   ,,,,
 Account Receivable & Prepayments ,141701266,HABAH N I ALABDULLAH - GEN - 1026, -   , -   , -   , -   ,,,,
 Account Receivable & Prepayments ,150902895,SAJEEVAN - FIN - 1008, 1 , -   , -   , 1 ,,,,
 Account Receivable & Prepayments ,151003056,WALED ABDULLA MOHAMED ABDUL RAHMAN - 2249, -   , -   , -   , -   ,,,,
 Account Receivable & Prepayments ,152703406,WILSON - FERRERO - GEN - 2169, -   , -   , -   , -   ,,,,
 Account Receivable & Prepayments ,152900546,MASHAEL MUDHI AWADH - GEN(KWT - 1025, (110), -   , -   , (110),,,,
 Account Receivable & Prepayments ,160103953,MAIR HOSIEN - GIS - 1020, -   , -   , -   , -   ,,,,
 Account Receivable & Prepayments ,161018801,PREJIT T - FIN - 1003, -   , -   , -   , -   ,,,,
 Account Receivable & Prepayments ,161501434,TAREQ - GEN - 2156, -   , -   , -   , -   ,,,,
 Account Receivable & Prepayments ,161509379,SOBHE ZAGLOUL ABD ALMAJEED - GIS - 1019, -   , -   , -   , -   ,,,,
 Account Receivable & Prepayments ,162400965,NAEEM SHARZAD ABDALLA - GIS - 1018, -   , -   , -   , -   ,,,,
 Account Receivable & Prepayments ,162501109,MANAHEL JASSIM HASAN SADEQ GEN(KWT)- 1036, (130), -   , -   , (130),,,,
 Account Receivable & Prepayments ,170800676,ABBAS  NASER - ITD - 1010, -   , -   , -   , -   ,,,,
 Account Receivable & Prepayments ,180302733,FANASY MUSHRAF - FIN - 1032, -   , -   , -   , -   ,,,,
 Account Receivable & Prepayments ,180501197,SHAREFA MUDHI AWADH - GEN - 1023, -   , -   , -   , -   ,,,,
 Account Receivable & Prepayments ,180800981,HAYA BASHER AWOD  - HR - 1016, -   , -   , -   , -   ,,,,
 Account Receivable & Prepayments ,190400288,HISHAM BADER MAHMOUD - FIN - 1007, -   , -   , -   , -   ,,,,
 Account Receivable & Prepayments ,190903281,MARAE  ALI GOMAA - GIS - 4023, 725 , -   , -   , 725 ,,,,
 Account Receivable & Prepayments ,191903388,GOKUL THOTIKAMATH - SGM - 2001, -   , -   , -   , -   ,,,,
 Account Receivable & Prepayments ,192404142,KOSHY MATHEW - GM - 1001, -   , -   , -   , -   ,,,,
 Account Receivable & Prepayments ,192600073,ALI CHECHEMI - GEN - 2155, (331), -   , -   , (331),,,,
 Account Receivable & Prepayments ,2060701952,XXXXXX DONT USE ANIL KUMAR TRIVEDI GANESH -  2263A, -   , -   , -   , -   ,,,,
 Account Receivable & Prepayments ,212203189,GEORGE JOSEPH - FSD - 2158, -   , -   , -   , -   ,,,,
 Account Receivable & Prepayments ,220601737,REDA ZAKI GOBRAEIL SHEHATA - FSD - 3014, -   , 291 , 291 , -   ,,,,
 Account Receivable & Prepayments ,228807270,IBRAHIM SERHAL- FS-2270, -   , -   , -   , -   ,,,,
 Account Receivable & Prepayments ,252102084,RADY NAGEH MOHAMED ABDUL KARIM RADWAN - FSD - 3015, -   , -   , -   , -   ,,,,
 Account Receivable & Prepayments ,252505734,ALAPPAT ANTONY VARUNNY - FSD - 3016, -   , -   , -   , -   ,,,,
 Account Receivable & Prepayments ,260701952,XXXXXANIL KUMAR TRIVEDI GANESH - 2263, -   , -   , -   , -   ,,,,
 Account Receivable & Prepayments ,261501983,SADEK AL-SHACK ALI  - LOG - 3009," 1,292 ", -   , -   ," 1,292 ",,,,
 Account Receivable & Prepayments ,271600168,WALID AHMED SHAABO - FSD - 3003, -   , -   , -   , -   ,,,,
 Account Receivable & Prepayments ,272200663,HAROLD PRAKASH DSOUZA-FSD-3017, -   , -   , -   , -   ,,,,
 Account Receivable & Prepayments ,280201455,MOHAMMAD FAZLE HAQUE ASHRAFI - 2297, -   , -   , 140 , (140),,,,
 Account Receivable & Prepayments ,281802695,MAMMUNNI PANICHAKATHAIL - 2275, -   , -   , -   , -   ,,,,
 Account Receivable & Prepayments ,400109877,AHMED RAMADAN ABDUL NASER MOTAWIE - CA - 2217, -   , -   , -   , -   ,,,,
 Account Receivable & Prepayments ,400205173,IBRAHEM ABD AL HAFEEZ - CA - 2039, (258), -   , -   , (258),,,,
 Account Receivable & Prepayments ,400903227,NAZIMA PASH FATEH MOHAMMED - CA - 2112, 12 , -   , -   , 12 ,,,,
 Account Receivable & Prepayments ,401002402,ZAKARIA HASSANE RAMADAN SELIM - CA - 2223, -   , -   , -   , -   ,,,,
 Account Receivable & Prepayments ,401104762,MAHMOUD ARABY HOFNY AHMED - CA - 2218, -   , -   , -   , -   ,,,,
 Account Receivable & Prepayments ,401200217,HABIB KASIM-GEN- 2006, -   , -   , -   , -   ,,,,
 Account Receivable & Prepayments ,401504291,RODOULFO ARJOUN JETO - CA - 2073, -   , -   , -   , -   ,,,,
 Account Receivable & Prepayments ,401702315,FELFEL HASSAN MOHAMMED  - CA - 2057, -   , -   , -   , -   ,,,,
 Account Receivable & Prepayments ,403001199,ZUHEER AZGAR ALI - CA - 2086, -   , -   , -   , -   ,,,,
 Account Receivable & Prepayments ,403101771,MUSTAFA HASSAN SAEED RAYAN - CA - 2050, -   , -   , -   , -   ,,,,
 Account Receivable & Prepayments ,403102366,OSAMA ABOULESOUOUD MOHAMED AHMED - CA - 2220, -   , -   , -   , -   ,,,,
 Account Receivable & Prepayments ,410104067,AHMED LOTFE KELANY  - CA - 2043, -   , -   , -   , -   ,,,,
 Account Receivable & Prepayments ,410104555,HAMADA  MOHAMAD HUSSEN - CA - 2011, -   , -   , -   , -   ,,,,
 Account Receivable & Prepayments ,410116776,MOHAMMAD ALDAYREE - CA - 2024, (87), -   , -   , (87),,,,
 Account Receivable & Prepayments ,410202587,MAMDOUH BADAWY AHMED IBRAHIM - CA - 2197, -   , -   , -   , -   ,,,,
 Account Receivable & Prepayments ,410404053,MAHMOUD ABDUL KARIM KAEML ISSA - CA - 2208, -   , -   , -   , -   ,,,,
 Account Receivable & Prepayments ,410503039,SAYED FATHE ZAID - CA - 2040, 1 , -   , -   , 1 ,,,,
 Account Receivable & Prepayments ,410505579,AHMED FAHMY HASSAN MOHAMMED - CA - 2178, (2), 75 , 75 , (2),,,,
 Account Receivable & Prepayments ,410702275,EMAD HASNEEN AHMED  - CA - 2042, -   , -   , -   , -   ,,,,
 Account Receivable & Prepayments ,410901001,ALEKS JOUN KENEDY  - CA - 2063, -   , -   , -   , -   ,,,,
 Account Receivable & Prepayments ,411000045,ALI AHMADI ZADEH - CA - 2184, -   , -   , -   , -   ,,,,
 Account Receivable & Prepayments ,411011325,ADHAM SALAHELDIN AHMED ISMAIL - CA - 2215, (133), -   , -   , (133),,,,
 Account Receivable & Prepayments ,411102857,MOHMOUD KHALIL EBAID AHMED KHALIL - CA - 2211, -   , -   , -   , -   ,,,,
 Account Receivable & Prepayments ,411302037,KHALED MOHAMED MOURSI HASSAN - CA - 2216, -   , -   , -   , -   ,,,,
 Account Receivable & Prepayments ,411302972,RIZWAN ABDUL SALAM SIRKHOT - CA - 2165, -   , -   , -   , -   ,,,,
 Account Receivable & Prepayments ,411901532,REFAT MOKHTAR ALERYAN  - CA - 2029, (9), -   , -   , (9),,,,
 Account Receivable & Prepayments ,411902067,ISMAEEL ZAHER - CA - 2053, -   , -   , -   , -   ,,,,
 Account Receivable & Prepayments ,411906667,ARAFA MOHAMMED ABDULLA SAYED - CA - 2199, -   , -   , -   , -   ,,,,
 Account Receivable & Prepayments ,412203091,WALID KHAIRY ABDUL RAHMAN KHALFALLAH - CA - 2183, -   , -   , -   , -   ,,,,
 Account Receivable & Prepayments ,412803552,ALDOSOKE ABDULRAHMAN - CA - 2051, -   , -   , -   , -   ,,,,
 Account Receivable & Prepayments ,413002803,JAMAL KAMEL HUSSAIN - CA - 2088, -   , -   , -   , -   ,,,,
 Account Receivable & Prepayments ,420702117,MOHAMAD ABD AL HAMEED MOHAMAD - CA - 2025, -   , -   , -   , -   ,,,,
 Account Receivable & Prepayments ,421006169,HAMADA SHAABAN MOHAMED GABER - CA - 2213, -   , -   , -   , -   ,,,,
 Account Receivable & Prepayments ,421006739,WAEL HATEM - CA - 2038, -   , -   , -   , -   ,,,,
 Account Receivable & Prepayments ,421101495,WAHAB ALLAH - CA - 2083, -   , -   , -   , -   ,,,,
 Account Receivable & Prepayments ,421202085,KAMAL BADAWI KHRAIBA BAKRY - CA - 2089, -   , -   , -   , -   ,,,,
 Account Receivable & Prepayments ,421404572,MOHAMOUD KOTB AHMED EI - CA - 2103, 0 , -   , -   , 0 ,,,,
 Account Receivable & Prepayments ,421603414,FAYSAL MOHAMAD AHMAD - CA - 2045, -   , -   , -   , -   ,,,,
 Account Receivable & Prepayments ,422002413,AFDAL MAHMOUD - CA - 2066, -   , -   , -   , -   ,,,,
 Account Receivable & Prepayments ,422004585,AHMED JAMAL ALI AHMED - CA - 2198, (139), -   , -   , (139),,,,
 Account Receivable & Prepayments ,422005293,AHMAD MOHAMAD ABD AL AZIZ - CA - 2012, -   , -   , -   , -   ,,,,
 Account Receivable & Prepayments ,422203149,ADEL SALAH MOHAMED ANTAR - CA - 2144, 3 , -   , -   , 3 ,,,,
 Account Receivable & Prepayments ,422203157,MOHAMAD RAJAB ABDULALEEM RAMADAM - CA - 2105, -   , -   , -   , -   ,,,,
 Account Receivable & Prepayments ,422302199,SABER MOHAMED AL KHTEEB  - CA - 2047, -   , -   , -   , -   ,,,,
 Account Receivable & Prepayments ,422401268,FARHAN ALLAH ABD AL GAFOOR - CA - 2004, -   , -   , -   , -   ,,,,
 Account Receivable & Prepayments ,422401577,AROYEN JOYVAR - CA - 2071, -   , -   , -   , -   ,,,,
 Account Receivable & Prepayments ,422702694,MOHMOUD MARIEH MAHMOUD - CA - 2026, (1), -   , 134 , (135),,,,
 Account Receivable & Prepayments ,422800678,SAAD  MESSAYER - CA - 2007, 991 , -   , -   , 991 ,,,,
 Account Receivable & Prepayments ,428510050,KARAM YOUNIS REYAD EITAHER-CA-2248, (15), -   , -   , (15),,,,
 Account Receivable & Prepayments ,430112574,NEYAZ AHMAD ABDULQDDUS - CA - 2236, -   , -   , -   , -   ,,,,
 Account Receivable & Prepayments ,430302097,ESAM ADEL  MAHAMED - CA - 2054, 1 , -   , -   , 1 ,,,,
 Account Receivable & Prepayments ,430403904,RAJEEV - CA - 1013, -   , -   , -   , -   ,,,,
 Account Receivable & Prepayments ,431702537,Amro Ahmed Younis Bekhit - CA - 2163, 0 , -   , -   , 0 ,,,,
 Account Receivable & Prepayments ,431802421,SHAHEDUL ALAM CHOWDHURY - CA - 2226, -   , -   , -   , -   ,,,,
 Account Receivable & Prepayments ,431804635,MOHAMED GAMAL KAMAL SHEHATA - CA - 2233, 17 , -   , 144 , (127),,,,
 Account Receivable & Prepayments ,432002657,MOANES MAHMOUD - CA - 2010, -   , -   , -   , -   ,,,,
 Account Receivable & Prepayments ,432004441,Ashraf Hamza Jalal - CA - 4036, -   , -   , -   , -   ,,,,
 Account Receivable & Prepayments ,432402902,BINOY THOMAS MULLAKARIL - CA - 2235, -   , -   , -   , -   ,,,,
 Account Receivable & Prepayments ,432500737,HUSSIEN QUASSMI - CA - 2003, -   , -   , -   , -   ,,,,
 Account Receivable & Prepayments ,432503023,NASER IBRAHEM MORSY - CA - 2049, (79), -   , 228 , (307),,,,
 Account Receivable & Prepayments ,432604328,AHMED ALI HELMI ALI BADR - CA - 2224, -   , -   , -   , -   ,,,,
 Account Receivable & Prepayments ,440102252,HUSSAIN HAFEZ AMIN - CA - 2036, (3), -   , -   , (3),,,,
 Account Receivable & Prepayments ,440213103,Raynard Perez Anil - CA - 2157, -   , -   , -   , -   ,,,,
 Account Receivable & Prepayments ,440702742,MASUM MRIDHA JOYNAL ABDIN - CA - 2244, -   , -   , -   , -   ,,,,
 Account Receivable & Prepayments ,440901628,BANJI  ANWAR - CA - 2070, -   , -   , -   , -   ,,,,
 Account Receivable & Prepayments ,441000834,ALI HMOOD - CA - 2062, -   , -   , -   , -   ,,,,
 Account Receivable & Prepayments ,441505825,JAMELLAH HASAN  - PROMOTOR - CA - 2180, -   , -   , -   , -   ,,,,
 Account Receivable & Prepayments ,442504889,Ramadan Al Sayed Mohd Abouhe - CA - 2147, -   , -   , -   , -   ,,,,
 Account Receivable & Prepayments ,442602317,AKHIL VASUDEVAN PILLAI SREEDEVI AMMA - CA - 2206, -   , -   , -   , -   ,,,,
 Account Receivable & Prepayments ,442902216,SREEJITH THACHERILSATHEESH - CA - 2252, -   , -   , -   , -   ,,,,
 Account Receivable & Prepayments ,450301752,AYMAN MOHAMAD ALBIDI - CA - 2229, -   , -   , -   , -   ,,,,
 Account Receivable & Prepayments ,450700131,ABDULLA ABOOBACKER SIDDHIQUE - CA - 2238, -   , -   , -   , -   ,,,,
 Account Receivable & Prepayments ,450803205,HOSSAM ABDOU BEHIRI ABDELSAMIE - CA - 2228, -   , -   , -   , -   ,,,,
 Account Receivable & Prepayments ,451003815,MOHAMED MAHMOD HAMAM - CA - 2035, -   , -   , -   , -   ,,,,
 Account Receivable & Prepayments ,451006288,SAHEER BOMANE NJALORAT - CA - 2069, (101), -   , -   , (101),,,,
 Account Receivable & Prepayments ,451012427,DINESH KUMAR RAMAKRISHNA PILLAI - CA - 2129, -   , -   , -   , -   ,,,,
 Account Receivable & Prepayments ,451102373,TASLEEM GULAM MOHIUDEEN HAMDULLAH - CA - 2085, -   , -   , -   , -   ,,,,
 Account Receivable & Prepayments ,451305582,Abhilash Komalam Vikram - CA - 2149, (18), -   , -   , (18),,,,
 Account Receivable & Prepayments ,451404791,ASIF MAHTHASH NADENMAL THAZHAYIL - CA - 2227, (235), 220 , 7 , (23),,,,
 Account Receivable & Prepayments ,451510433,LIBIMON BABY - CA - 2221, (99), -   , -   , (99),,,,
 Account Receivable & Prepayments ,452504349,TASAWOOR HUSAIN ALI - CA - 2096, -   , -   , -   , -   ,,,,
 Account Receivable & Prepayments ,452605719,SHAMNAD KASIM MOHAMMED - CA - 2188, -   , -   , -   , -   ,,,,
 Account Receivable & Prepayments ,453001754,RASHID ATHOORUVALAPPIL MOIDUTTY - CA - 2174, 1 , -   , -   , 1 ,,,,
 Account Receivable & Prepayments ,453010509,OSOKAN BENMETAR - CA - 2067, -   , -   , -   , -   ,,,,
 Account Receivable & Prepayments ,453100741,FAHID BIN TALIB BIN ABDALLA - CA - 2077, -   , -   , -   , -   ,,,,
 Account Receivable & Prepayments ,453109175,BINNY RAMESH VELAYUDAN - CA - 2237, -   , -   , -   , -   ,,,,
 Account Receivable & Prepayments ,460115452,RAJESH VIKRAMAN NAIR - CA - 2225, -   , -   , -   , -   ,,,,
 Account Receivable & Prepayments ,461001357,RIYAD ALI AL KTAIFAN - CA - 2377, -   , -   , -   , -   ,,,,
 Account Receivable & Prepayments ,461207023,GAMAL AHMED ABDUL HAFEZ MOAHMMED - CA - 2207, -   , -   , -   , -   ,,,,
 Account Receivable & Prepayments ,461500982,ABDULAZIZ AL ROBAH-SGM-2258, -   , -   , -   , -   ,,,,
 Account Receivable & Prepayments ,461600333,SOBHIE  AZHAB  ALALI - CA - 2081," 10,603 ", 600 , 600 ," 10,603 ",,,,
 Account Receivable & Prepayments ,461803808,Regeio Llanita Gito - CA - 2151, 0 , -   , -   , 0 ,,,,
 Account Receivable & Prepayments ,462201862,MUHAMMAD SHOAIB RIAZ - CA - 2200, -   , -   , -   , -   ,,,,
 Account Receivable & Prepayments ,462600361,AHMED HAMDALH MOHAMMED - CA - 2032, -   , -   , -   , -   ,,,,
 Account Receivable & Prepayments ,470110746,ABDALLA SALAH AHMED HASSANIN - CA - 2172, 0 , -   , -   , 0 ,,,,
 Account Receivable & Prepayments ,470903702,EKRAMY AHMED AL SAYED ABDUL KARIM - CA - 2201, 0 , -   , -   , 0 ,,,,
 Account Receivable & Prepayments ,471001958,EHAB ABD AL NASER GAD - CA - 2052, -   , -   , -   , -   ,,,,
 Account Receivable & Prepayments ,471008482,MUHAMMED NASIR ALI MUHAMED - CA - 2095, -   , -   , -   , -   ,,,,
 Account Receivable & Prepayments ,471103244,ANIL KUMAR KOUATH THEKKEYIL ANANDA - CA - 2098, -   , -   , -   , -   ,,,,
 Account Receivable & Prepayments ,471702176,MARCOS ALEXO REBELLO - CA - 2102, (134), -   , -   , (134),,,,
 Account Receivable & Prepayments ,471805153,DENNIS PAYUYO ASUNCION - CA - 2186, (57), -   , -   , (57),,,,
 Account Receivable & Prepayments ,472200905,SAEED MOHAMED MOHAMAD ABDUL RAHIMAN - CA - 2243, -   , -   , -   , -   ,,,,
 Account Receivable & Prepayments ,472900833,KHALED YOUSEF - CA - 2076, 106 , -   , -   , 106 ,,,,
 Account Receivable & Prepayments ,481007098,KARAMA KAMAL ABDUL LATIF MOHAMED SALIM - CA - 2219, -   , -   , -   , -   ,,,,
 Account Receivable & Prepayments ,481201548,HUSSEIN SADEK - CA - 2023," 1,801 ", -   , -   ," 1,801 ",,,,
 Account Receivable & Prepayments ,481202306,MUJEEB PARKER HASSAN - CA - 2133, 5 , -   , -   , 5 ,,,,
 Account Receivable & Prepayments ,481303363,ZAIN ALABDEEN SAADEH - CA - 2087, -   , -   , -   , -   ,,,,
 Account Receivable & Prepayments ,481402111,YAHIA ZAKARIYA FAHME - CA - 2021, (307), -   , -   , (307),,,,
 Account Receivable & Prepayments ,481502923,MAHMOUD HAMADA YOUSEEF - CA - 2078, (260), -   , -   , (260),,,,
 Account Receivable & Prepayments ,481701353,MOHAMAD ABD AL AZEEM - CA - 2055, 20 , -   , -   , 20 ,,,,
 Account Receivable & Prepayments ,481702675,EMAD ALI MOHAMED IBRAHIM - CA - 2210, 2 , -   , -   , 2 ,,,,
 Account Receivable & Prepayments ,482802539,PONNU PONNUBHAVAN REGHU   - CA - 2131, -   , -   , -   , -   ,,,,
 Account Receivable & Prepayments ,490202094,MOHAMED AHMED MAHMOUD AHMED - CA - 2214, -   , -   , -   , -   ,,,,
 Account Receivable & Prepayments ,490202885,SAMEH MOHAMED SAYED GOMAA - CA - 2171, -   , -   , -   , -   ,,,,
 Account Receivable & Prepayments ,490401387,ASHRAF AHMED SALEM - CA - 2030, -   , -   , -   , -   ,,,,
 Account Receivable & Prepayments ,490503441,MUSTAFA MERZEK MOHAMED ABDUL RAHIM - CA - 2191, -   , -   , -   , -   ,,,,
 Account Receivable & Prepayments ,490902084,Rohan Chaminda Werasekara Dindubabduge - CA - 2150, 1 , 370 , 370 , 1 ,,,,
 Account Receivable & Prepayments ,491802103,ABDEL QUOUM KHAN - CA - 2065, -   , -   , -   , -   ,,,,
 Account Receivable & Prepayments ,492104546,UKAYE SUBAIL ABDUL MAJID - CA - 2099, -   , -   , -   , -   ,,,,
 Account Receivable & Prepayments ,492302564,GHAZI OSMAN OMAR - CA - 2074, -   , -   , -   , -   ,,,,
 Account Receivable & Prepayments ,492602317,RAGEH OSMAN MOHAMD FADEL - CA - 2239, 2 , -   , -   , 2 ,,,,
 Account Receivable & Prepayments ,492804701,AHMED SAAD IBRAHIM MAHMOUD-CA-2232, -   , -   , -   , -   ,,,,
 Account Receivable & Prepayments ,493003202,TARA SHARMA SHARMA - PROMOTOR - CA - 2182, -   , -   , -   , -   ,,,,
 Account Receivable & Prepayments ,500103289,EYAZ ISHAQ - WHS - 4001, -   , -   , -   , -   ,,,,
 Account Receivable & Prepayments ,500502408,MOHAMMAD HAFEZ KHAN - WHS - 4026, -   , -   , -   , -   ,,,,
 Account Receivable & Prepayments ,502003844,NAZIR NOOR MOHAD PARKAR - WHS  - 4054, -   , -   , -   , -   ,,,,
 Account Receivable & Prepayments ,510105892,SHAIBAZ ABDUL GANI HAMDULAY - WHS - 4047, -   , -   , -   , -   ,,,,
 Account Receivable & Prepayments ,510116122,HAMDI HELMY - WHS - 4014, -   , -   , -   , -   ,,,,
 Account Receivable & Prepayments ,510603003,HASSAN RIFAEY ZOUHRY - 4064, -   , -   , -   , -   ,,,,
 Account Receivable & Prepayments ,510604077,MADHU KUNJU RAMAN - WHS - 4052, -   , -   , -   , -   ,,,,
 Account Receivable & Prepayments ,5111504331,MOKHTAR IBRAHIM ABDEL WAKIL MOHAMED - 2250, -   , -   , -   , -   ,,,,
 Account Receivable & Prepayments ,511502734,SABER KHAN NANO - WHS - 4010, -   , -   , -   , -   ,,,,
 Account Receivable & Prepayments ,512703596,OMAR ABDUL HADY FARRAGE MASOUD - WHS - 4048, -   , -   , -   , -   ,,,,
 Account Receivable & Prepayments ,520107079,ABU AL HUSSAIN SATTAR - WHS - 4008, 20 , -   , 20 , -   ,,,,
 Account Receivable & Prepayments ,520604429,SAID SAADY ATTIA MOHAMMED - WHS - 4060, -   , -   , -   , -   ,,,,
 Account Receivable & Prepayments ,520703442,MAJDI MAHER ABDUL KAREEM MUSTAFA - 2264, -   , -   , -   , -   ,,,,
 Account Receivable & Prepayments ,520901938,GHAZI ALLA ALDEEN KABER - WHS - 4019, -   , -   , -   , -   ,,,,
 Account Receivable & Prepayments ,521203264,EZEL ARAB HUSSAIN ALI  MOHAMMED - WHS - 4044, -   , -   , -   , -   ,,,,
 Account Receivable & Prepayments ,521402218,SAYED MOHAMED SAYED SEIFLDIN - 2291, -   , -   , -   , -   ,,,,
 Account Receivable & Prepayments ,521403611,ALAA ABDUL KADER  KAWATIN ABDUL QADER - WHS - 4038, -   , -   , -   , -   ,,,,
 Account Receivable & Prepayments ,522204694,HAMDI RADWAN - WHS - 4033, (9), -   , -   , (9),,,,
 Account Receivable & Prepayments ,522301296,SOLUMAN ALI AZAM  - WHS - 4024, -   , -   , -   , -   ,,,,
 Account Receivable & Prepayments ,522501576,ALAM GIER MIAH - WHS - 4012, -   , -   , -   , -   ,,,,
 Account Receivable & Prepayments ,522502791,ZULFIQAR ALI HUSSAIN ASHIQ - WHS - 4030," 1,009 ", -   , -   ," 1,009 ",,,,
 -   ,522504148,XX DONTUSE NASER MONSEF MOHARRAM ABDULALEEM-2328A, -   , -   , -   , -   ,,,,
 Account Receivable & Prepayments ,522602621,ADEEL KAMES ABDUSALAM - WHS - 4009, (4), -   , -   , (4),,,,
 Account Receivable & Prepayments ,522901628,AWAD ALLI ABDU - WHS - 4004, -   , -   , -   , -   ,,,,
 Account Receivable & Prepayments ,530505956,MOHAMAD FIRDOS - WHS - 4018, -   , -   , -   , -   ,,,,
 Account Receivable & Prepayments ,530901988,ANWAR ABDEL HADE - WHS - 3007, 17 , -   , -   , 17 ,,,,
 Account Receivable & Prepayments ,531603465,SHENAMADY BASHER MOH - WHS - 4007," (3,816)", -   , -   ," (3,816)",,,,
 Account Receivable & Prepayments ,532106959,IMRAN ABDUL SHAIKH - WHS - 4042, -   , -   , -   , -   ,,,,
 Account Receivable & Prepayments ,533102537,Muhammed muhammed anwar zeeshan - WHS - 4035, -   , -   , -   , -   ,,,,
 Account Receivable & Prepayments ,540602956,MOHAMMAD ABD AL AZIZ WAHBALAH  - WHS - 4025, -   , -   , -   , -   ,,,,
 Account Receivable & Prepayments ,541902212,MOHAMMAD TYYAB MUHAMMAD SAEED - WHS - 4034, -   , -   , -   , -   ,,,,
 Account Receivable & Prepayments ,541902704,RAYAJUDDIN MONUHOR ALI - WHS - 4020, -   , -   , -   , -   ,,,,
 Account Receivable & Prepayments ,542202038,MOH.KOHRSHED - WHS - 4015, -   , -   , -   , -   ,,,,
 Account Receivable & Prepayments ,551005335,TAJUL ISLAM SAYEB ALI - WHS - 4057, -   , -   , -   , -   ,,,,
 Account Receivable & Prepayments ,551106325,SHAHBAZ BARKATALI HAMDULE - WHS - 4043, -   , -   , -   , -   ,,,,
 Account Receivable & Prepayments ,552007044,DOLAL - WHS - 4017, -   , -   , -   , -   ,,,,
 Account Receivable & Prepayments ,552202645,MOHAMED EBD ELQADER - WHS - 4006, -   , -   , -   , -   ,,,,
 Account Receivable & Prepayments ,552502496,SADANADAN BABU - WH - 4073, -   , -   , -   , -   ,,,,
 Account Receivable & Prepayments ,552804691,FAKREE ABDUSALAAM JOMAA - WHS - 3012, -   , -   , -   , -   ,,,,
 Account Receivable & Prepayments ,560114109,EJAZ TAHIR SANGE - WHS - 4053, 12 , -   , -   , 12 ,,,,
 Account Receivable & Prepayments ,560803028,AHMED ABDUL KARIM ABDUL GABER MEHANNY - WHS - 4055, -   , -   , -   , -   ,,,,
 Account Receivable & Prepayments ,562703423,AHMED HAMED MOHD ABDEL HADI - WHS - 4058, -   , -   , -   , -   ,,,,
 Account Receivable & Prepayments ,570402103,GADDAM VITTAL DAS - WHS - 4056, 1 , -   , 100 , (99),,,,
 Account Receivable & Prepayments ,571201996,KHALED MARAY  - WHS - 4016, -   , -   , -   , -   ,,,,
 Account Receivable & Prepayments ,571302303,USMAN HYDER ALI THEKKEPATTAYIL - WHS - 1030, -   , -   , -   , -   ,,,,
 Account Receivable & Prepayments ,580603805,MANNY DE GUZMAN ENRIQUEZ-2314, -   , -   , -   , -   ,,,,
 Account Receivable & Prepayments ,580604642,XXXXXX DONT USE NOEL GUINOO LABATA-2333A, -   , -   , -   , -   ,,,,
 Account Receivable & Prepayments ,580701843,GEERY MADHAVAR MAMIDA - WHS - 3008, -   , -   , -   , -   ,,,,
 Account Receivable & Prepayments ,582401692,ZAIN ALABDEEN - WHS - 4011, -   , -   , -   , -   ,,,,
 Account Receivable & Prepayments ,582701929,MAJEED DAWOOD ALEKAR - WHS - 4032, 171 , -   , -   , 171 ,,,,
 Account Receivable & Prepayments ,583102392,MOSTAFA MAHDY - WHS - 4022, 44 , -   , -   , 44 ,,,,
 Account Receivable & Prepayments ,590601794,MOHAMED ALI SHAFI - WHS - 4013, -   , -   , -   , -   ,,,,
 Account Receivable & Prepayments ,591003129,MUSTAFA SALAH KAMEL ABBAS - WHS - 4045, -   , -   , -   , -   ,,,,
 Account Receivable & Prepayments ,591502494,MOHD YAQUB MOHED IBRAHIM-2321, -   , -   , -   , -   ,,,,
 Account Receivable & Prepayments ,591904464,MAHMOUD OMRAN GABER ATIA-CA- 2253, -   , -   , -   , -   ,,,,
 Account Receivable & Prepayments ,592801306,NAYER  ABASS - WHS - 4002, -   , -   , -   , -   ,,,,
 Account Receivable & Prepayments ,592801307,MOTAMED ELSAYED MOHAMED MOHAMED -CPD - 2247, (89), -   , -   , (89),,,,
 Account Receivable & Prepayments ,592801308,MAHMOUD MOHAMED ATTIA ATTIA - WH  - 4046, -   , -   , -   , -   ,,,,
 Account Receivable & Prepayments ,592801309,EYOUN WARDANY SALIM AHMED CPD - 2251, -   , -   , -   , -   ,,,,
 Account Receivable & Prepayments ,592801310,AHMED MOHAMED MAHMOUD MANSOUR CPD - 2234, -   , -   , -   , -   ,,,,
 Account Receivable & Prepayments ,592801311,WADHA ZAID ALMUTAIRI KUWAITI - 1042, -   , -   , -   , -   ,,,,
 Account Receivable & Prepayments ,592801312,HAITHAM GALAL - 2278, -   , -   , -   , -   ,,,,
 Account Receivable & Prepayments ,592801313,ANSON JOSE KUNDUKULAM - 2267, -   , -   , -   , -   ,,,,
 Account Receivable & Prepayments ,592801314,BAHAAELDIN AHAMED MOHAMED AHMED  - 2265, -   , -   , -   , -   ,,,,
 Account Receivable & Prepayments ,592801315,GHAREEB ALSAYED MAHMOUD MURSI ABU ALELA  - 3020, 100 , -   , -   , 100 ,,,,
 Account Receivable & Prepayments ,592801316,VIKRAM BRASAD KOLLABATHULA  - 2345, -   , -   , -   , -   ,,,,
 Account Receivable & Prepayments ,592801317,ABDULSHIHAB KIZHAKKAN KUNNATH NOOR - 2350, -   , -   , -   , -   ,,,,
 Account Receivable & Prepayments ,592801318,IHTHISHAM PADINHARE PUTHIYAPURAYIL  - 2341, -   , -   , -   , -   ,,,,
 Account Receivable & Prepayments ,592801319,HEZEN HENRY SAVIO SEQUEIRA  - 2309, -   , -   , -   , -   ,,,,
 Account Receivable & Prepayments ,592801320,FAHAD M F SH ALAJMI - 1049, -   , -   , -   , -   ,,,,
 Account Receivable & Prepayments ,592801321,SAJITH ASARINTAVIDA GOVINDA -  2260, -   , -   , -   , -   ,,,,
 Account Receivable & Prepayments ,592801322,SRIKAR GOLLAPALLI CHITTIBABU   - 2318, -   , -   , -   , -   ,,,,
 Account Receivable & Prepayments ,592801323,RONNIE NALAM - 2280, 1 , -   , -   , 1 ,,,,
 Account Receivable & Prepayments ,592801324,RAJESH KUMAR NAGARAJ  - 1038, -   , -   , -   , -   ,,,,
 Account Receivable & Prepayments ,592801325,BINISH KAVIKUNNEL JOSEPH - 4077, -   , -   , -   , -   ,,,,
 Account Receivable & Prepayments ,592801326,NIDAL QASIM REHAYEL - 2329, -   , -   , -   , -   ,,,,
 Account Receivable & Prepayments ,592801327,AHMAD ABDULJAWAD ZAKI MASRI - 2353, -   , -   , -   , -   ,,,,
 Account Receivable & Prepayments ,592801328,MAHMOUD ABDELWAHAB MAHMOUD GADELRAB  - 2296, -   , -   , -   , -   ,,,,
 Account Receivable & Prepayments ,592801329,HANY IBRAHIM MAHMOUD IBRAHIM  - FSD 2338, -   , -   , -   , -   ,,,,
 Account Receivable & Prepayments ,592801330,RUSSEL FRANCISCO  - 2279, 0 , -   , -   , 0 ,,,,
 Account Receivable & Prepayments ,592801331,LITON AHMED ABDUL MILEK  - 2272, -   , -   , -   , -   ,,,,
 Account Receivable & Prepayments ,592801332,JAMAL ABDOH KAREEM MOHAMMAD  - 2289, (140), -   , -   , (140),,,,
 Account Receivable & Prepayments ,592801333,SHAHNAWAZ MOOSA BANGI MOHAMMED - 2294, -   , -   , -   , -   ,,,,
 Account Receivable & Prepayments ,592801334,SANJAY KUMAR NIRMAL ASHRAFI LAL  - 2303, (0), -   , -   , (0),,,,
 Account Receivable & Prepayments ,592801335,MUHAMMAD ADNAN IQBAL  - 2319, -   , -   , -   , -   ,,,,
 Account Receivable & Prepayments ,592801336,ABDULKAREEM THEKRA AHMAD HEFNI  - 2339, -   , -   , -   , -   ,,,,
 Account Receivable & Prepayments ,592801337,WAEL ABDULMOHSEN ABDULKAREEM AMMAR  - 2305, (0), -   , -   , (0),,,,
 Account Receivable & Prepayments ,592801338,SUHAIB EDA KAVIL THOTTATHIL - 2363, -   , -   , -   , -   ,,,,
 Account Receivable & Prepayments ,592801339,ABDUL JABBAR KUNHALAKATH CHERIYABAVA - 2360, (99), -   , -   , (99),,,,
 Account Receivable & Prepayments ,592801340,NISHAD MANDALI KUNDIL - 2367, (200), -   , -   , (200),,,,
 Account Receivable & Prepayments ,592801341,SIRAJ USMAN KAZI - 2349, -   , -   , -   , -   ,,,,
 Account Receivable & Prepayments ,592801342,DASHRATH LAL KALAL - 4078, -   , -   , -   , -   ,,,,
 Account Receivable & Prepayments ,592801343,SAJJAD NASRUDDIN ISMIL WALELY  - 4068, (25), -   , -   , (25),,,,
 Account Receivable & Prepayments ,592801344,PANKAJ BAHRI - 1048, -   , -   , -   , -   ,,,,
 Account Receivable & Prepayments ,592801345,PAULO TABASA - 2266, (99), -   , 100 , (199),,,,
 Account Receivable & Prepayments ,592801346,ASHIF ABDULRAHIMAN PALLITHOTTUNGAL  - 2281, -   , -   , -   , -   ,,,,
 Account Receivable & Prepayments ,592801347,AHMED MOHAMED EBAID AHMED KHALIL  - 2286, -   , -   , -   , -   ,,,,
 Account Receivable & Prepayments ,592801348,IBRAHIM MOHAMMAD KHAIR ALESKANDARANI  - 2288, -   , -   , -   , -   ,,,,
 Account Receivable & Prepayments ,592801349,NUR HOSSAIN ABDUL MANNAN - 2315, -   , -   , -   , -   ,,,,
 Account Receivable & Prepayments ,592801350,J ARDEL ESPOLONG LARON - 4082, -   , -   , -   , -   ,,,,
 Account Receivable & Prepayments ,592801351,MOHAMMAD ZAKAREYA FAHMI HASAN  - 2290, -   , -   , -   , -   ,,,,
 Account Receivable & Prepayments ,592801352,WALID ELSAYED MAZEN AHMED   - 2327, -   , -   , -   , -   ,,,,
 Account Receivable & Prepayments ,592801353,XXXXXXXXMOHAMMAD AHMAD SALEEM SHAABAN ( SAMAR ), -   , -   , -   , -   ,,,,
 Account Receivable & Prepayments ,592801354,RAMADHAN ALSHERBEENI RAMADHAN MOHAMMAD -2343," 1,248 ", -   , -   ," 1,248 ",,,,
 Account Receivable & Prepayments ,592801355,MOKSHITH RAJ HETHUR MALLESH  - 2299, -   , -   , -   , -   ,,,,
 Account Receivable & Prepayments ,592801356,KHALED AHMAD AABED DHUWA  - 2301, -   , -   , -   , -   ,,,,
 Account Receivable & Prepayments ,592801357,SAFAD KUNHANTE VALAPPIL - 2358, -   , -   , -   , -   ,,,,
 Account Receivable & Prepayments ,592801358,ABDUL NAFIH AMBALATHKANDY - 2365, -   , -   , -   , -   ,,,,
 Account Receivable & Prepayments ,592801359,IBRAHIM MOHAMMAD YOUSEF ABU HUWAILI  - 3021, -   , -   , -   , -   ,,,,
 Account Receivable & Prepayments ,592801360,ZAMEER A GAFOOR HAMDULE - 4088, -   , -   , -   , -   ,,,,
 Account Receivable & Prepayments ,592801361,JAIGEE JOHN 4089, 76 , -   , -   , 76 ,,,,
 Account Receivable & Prepayments ,592801362,AMANI FAUD IBRAHIM - MTS - 8888, -   , -   , -   , -   ,,,,
 Account Receivable & Prepayments ,592801363,SHAABAN RAMADHAN MAHMOUD AMEEN - 2372, -   , -   , -   , -   ,,,,
 Account Receivable & Prepayments ,592801364,DOLAL DEBROY SUDHEER  - 4091, -   , -   , -   , -   ,,,,
 Account Receivable & Prepayments ,592801365,CELESTINE JOSEPH FERNANDES  - 2379, -   , -   , -   , -   ,,,,
 Account Receivable & Prepayments ,592801366,JACOB JOSEPH VELLOOR - 2376, -   , -   , -   , -   ,,,,
 Account Receivable & Prepayments ,592801367,MOHAMMAD LOTFI HASANAIN HASANAIN - 2354, -   , -   , -   , -   ,,,,
 Account Receivable & Prepayments ,592801368,SIKANDAR TAJUDDIN HALDE  - 2320, 0 , -   , -   , 0 ,,,,
 Account Receivable & Prepayments ,592801369,RAFI SYED SYED JAFAR - 4079, (31), -   , -   , (31),,,,
 Account Receivable & Prepayments ,592801370,AHMAD HUSSAIN MOHAMMAD JAMOUS - 4086, -   , -   , -   , -   ,,,,
 Account Receivable & Prepayments ,592801371,ALI ABDULJAWAD ALI MOHAMMAD - 2378, (75), -   , -   , (75),,,,
 Account Receivable & Prepayments ,592801372,KESAV LAL KALAL  - 4070, -   , -   , -   , -   ,,,,
 Account Receivable & Prepayments ,592801373,KHALED AHMED ABDEL HAKIM ABDEL GABER  - 2295, -   , -   , -   , -   ,,,,
 Account Receivable & Prepayments ,592801374,MOHAMED AHMED AHMED ARAFA -2313, -   , -   , -   , -   ,,,,
 Account Receivable & Prepayments ,592801375,NASSER MONSSEF MOHARAM ABDELALIM  - 2328, -   , -   , -   , -   ,,,,
 Account Receivable & Prepayments ,592801376,LABATA NOEL GUINOO - 2333, -   , -   , -   , -   ,,,,
 Account Receivable & Prepayments ,592801377,RAM KUMAR GOPAL - 2283, -   , -   , -   , -   ,,,,
 Account Receivable & Prepayments ,592801378,Mahmoud Zaki Abdelrazek Ahmed-2381, -   , -   , -   , -   ,,,,
 Account Receivable & Prepayments ,592801379,LUTFI MOHAMMED ABDULLATEEF MOHAMMED -2362, -   , -   , -   , -   ,,,,
 Account Receivable & Prepayments ,592801380,MOHAMED SAIED HAMADY SAIED-2356, (110), -   , -   , (110),,,,
 Account Receivable & Prepayments ,592801381,GANESH PAWAR - SALARY A/C - 9999, -   , -   , -   , -   ,,,,
 Account Receivable & Prepayments ,592801382,Mahmoud Amer Abdelhamid Abouzeid  - 2346, -   , -   , -   , -   ,,,,
 Account Receivable & Prepayments ,592801383,Islam Mohamed Yousri Abdelkhalek Elshahawi -  2359, -   , -   , -   , -   ,,,,
 Account Receivable & Prepayments ,592801384,Mostafa Ibrahim Mursi Ata - 2370, 35 , -   , -   , 35 ,,,,
 Account Receivable & Prepayments ,592801385,Shabeer Kunnumpurath - 2393, (85), 86 , 86 , (85),,,,
 Account Receivable & Prepayments ,592801386,BINNY RAMESH - 2402, -   , -   , -   , -   ,,,,
 Account Receivable & Prepayments ,592801387,HANI MOHAMMAD MOHAMMAD HUSNI - 2373, -   , -   , -   , -   ,,,,
 Account Receivable & Prepayments ,592801388,Shehata Shawky Mohamed Yossef  - 2374, (219), -   , -   , (219),,,,
 Account Receivable & Prepayments ,592801389,Rajesh Yedla  - 2344, -   , -   , -   , -   ,,,,
 Account Receivable & Prepayments ,592801390,Omar Fathy Mostafa Elsayed Omar   - 2407, -   , -   , -   , -   ,,,,
 Account Receivable & Prepayments ,592801391,xxxxxxxxxxJacob Joseph Velloor  - 2376, -   , -   , -   , -   ,,,,
 Account Receivable & Prepayments ,592801392,Sandeep Kuamr  - 2384, -   , -   , -   , -   ,,,,
 Account Receivable & Prepayments ,592801393,Masoud Enayeh Pour Karam - 2386, -   , -   , -   , -   ,,,,
 Account Receivable & Prepayments ,592801394,Joey Barbosa San Diego  - 2340, -   , -   , -   , -   ,,,,
 Account Receivable & Prepayments ,592801395,Ashwin Koushal - 1055, -   , -   , -   , -   ,,,,
 Account Receivable & Prepayments ,592801396,ZAINAB - 2395, -   , -   , -   , -   ,,,,
 Account Receivable & Prepayments ,592801397,Mohamedu Illiyas  - 2357, (112), -   , -   , (112),,,,
 Account Receivable & Prepayments ,592801398,Omar Heshmat Abdelaal Abdellatif  - 2385, -   , -   , -   , -   ,,,,
 Account Receivable & Prepayments ,592801399,Veera Venkata Naga Srinu Tirumani   - 2408, (200), -   , -   , (200),,,,
 Account Receivable & Prepayments ,592801400,Purushothaman Bijoy Pullampillisseril  - 4092, -   , -   , -   , -   ,,,,
 Account Receivable & Prepayments ,592801401,Mahmoud Ali Sadek Mahmoud  - 2404, (99), 100 , -   , 1 ,,,,
 Account Receivable & Prepayments ,592801402,Mahmoud Mohamed Abdelkader Kwatin  - 2388, (35), -   , -   , (35),,,,
 Account Receivable & Prepayments ,592801403,Ibrahim Abdelmoniem Ibrahim Abdelnaeim  - 2391, (75), -   , 75 , (150),,,,
 Account Receivable & Prepayments ,592801404,Sirosh Nellikka Paloran  - 2375, -   , -   , -   , -   ,,,,
 Account Receivable & Prepayments ,592801405,Balaram Kunwar  - 2366, -   , -   , -   , -   ,,,,
 Account Receivable & Prepayments ,592801406,NAMEEM KHAN - CA - 2001342, (163), -   , -   , (163),,,,
 Account Receivable & Prepayments ,592801407,Aly Eyd Milad Mabrouk  - 4085, (11), -   , -   , (11),,,,
 Account Receivable & Prepayments ,592801408,Ezzat Gad Ahmed Youssef  - 2364, -   , -   , -   , -   ,,,,
 Account Receivable & Prepayments ,592801409,Ramya Hemanth Kumar  - 4099, 3 , -   , -   , 3 ,,,,
 Account Receivable & Prepayments ,592801410,Hassan Farrag Elsayed Bakr  -2371, -   , -   , -   , -   ,,,,
 Account Receivable & Prepayments ,592801411,Mahmoud Abdelmeguid Ahmed Abdelmeguid  - 2406, -   , -   , -   , -   ,,,,
 Account Receivable & Prepayments ,592801412,Abbas Ibrahim Hamdule - 2317, -   , -   , -   , -   ,,,,
 Account Receivable & Prepayments ,592801413,Khaled Mahmoud Ahmed Abdalla  - 2405, -   , -   , -   , -   ,,,,
 Account Receivable & Prepayments ,592801414,Saidalavi Pullathiyil  - 2382, (105), -   , -   , (105),,,,
 Account Receivable & Prepayments ,592801415,Mahmoud A .KH. Khdair - 2001367, -   , -   , -   , -   ,,,,
 Account Receivable & Prepayments ,592801416,Mohammad Abdul Awal  - 1039 FSD, -   , -   , -   , -   ,,,,
 Account Receivable & Prepayments ,592801417,Michelle Vasquez Driz - 2001351, -   , -   , -   , -   ,,,,
 Account Receivable & Prepayments ,592801418,Ashley D Souza - 2001362, (56), -   , -   , (56),,,,
 Account Receivable & Prepayments ,592801419,Rodrigo JR. Austria Abecia - 2394, -   , -   , -   , -   ,,,,
 Account Receivable & Prepayments ,592801420,PRIYANKA - 4096, -   , -   , -   , -   ,,,,
 Account Receivable & Prepayments ,592801421,ARUN DEVARAJ 1056, -   , -   , -   , -   ,,,,
 Account Receivable & Prepayments ,592801422,Hossam Ahmed Abuzaid Abdulraheem 4095, -   , -   , -   , -   ,,,,
 Account Receivable & Prepayments ,592801423,Ramil B Galan  - 2397, -   , -   , -   , -   ,,,,
 Account Receivable & Prepayments ,592801424,Santhosh Padinhare Veettil - 4109, -   , -   , -   , -   ,,,,
 Account Receivable & Prepayments ,592801425,Hani Mohamed Elsayed Elshahawy - 2399, (109), -   , -   , (109),,,,
 Account Receivable & Prepayments ,592801426,Steevan Dsouza - 2001347, -   , -   , -   , -   ,,,,
 Account Receivable & Prepayments ,592801427,Farah A Kh Khdair - 2001397, 175 , -   , -   , 175 ,,,,
 Account Receivable & Prepayments ,592801428,HANI RAMADAN MAHMOUD AMIN - 2387, 50 , -   , -   , 50 ,,,,
 Account Receivable & Prepayments ,592801429,EYOUN AHMED MOHAMED SAYED- 2001353, 3 , -   , -   , 3 ,,,,
 Account Receivable & Prepayments ,592801430,AZAD ALI SYED - 2001384, -   , -   , -   , -   ,,,,
 Account Receivable & Prepayments ,592801431,VINAY GEORGE KURUVILA - 2001370, -   , -   , -   , -   ,,,,
 Account Receivable & Prepayments ,592801432,SURYAVANSHI AALOK PRIYADARSHI DENISH - 2001004, 0 , -   , -   , 0 ,,,,
 Account Receivable & Prepayments ,592801433,HMOUD AHMAD MOHAMAD - 2001410, -   , -   , -   , -   ,,,,
 Account Receivable & Prepayments ,592801434,JARRAR 2001364, -   , -   , -   , -   ,,,,
 -   ,592801435,FARAH SULTAN - 5555, -   , -   , -   , -   ,,,,
 Account Receivable & Prepayments ,592801436,Mohammed Abul Hossain - 2001343, -   , -   , -   , -   ,,,,
 Account Receivable & Prepayments ,592801437,Saadoun Hashem Kayed Abbasi - 2001414," 1,000 "," 1,000 "," 1,000 "," 1,000 ",,,,
 Account Receivable & Prepayments ,592801438,Ahmad M A Al Khateeb - 2310, -   , -   , -   , -   ,,,,
 Account Receivable & Prepayments ,592801439,Mahmoud Mohamed Labib Hussein - 2001349, -   , -   , -   , -   ,,,,
 Account Receivable & Prepayments ,592801440,Mahmoud Mohamed Mahmoud Mansour - 2001360, -   , -   , -   , -   ,,,,
 Account Receivable & Prepayments ,592801441,2001365 - Emad Abdelghani, -   , -   , -   , -   ,,,,
 Account Receivable & Prepayments ,592801442,2002164 - Mohamed Gawad - JTI, -   , -   , -   , -   ,,,,
 Account Receivable & Prepayments ,592801443,2002165 - Jarrah Chehimi - JTI, -   , -   , -   , -   ,,,,
 Account Receivable & Prepayments ,592801444,2001355 - Paritosh, -   , -   , -   , -   ,,,,
 Account Receivable & Prepayments ,592801445,ALI AHMED NUR AHAMED - 2001373, -   , -   , -   , -   ,,,,
 Account Receivable & Prepayments ,592801446,Hisham Mohammed Al Sawy Al Sayed - 2001424, -   , -   , -   , -   ,,,,
 Account Receivable & Prepayments ,592801447,Hasan Salah Ahmed Faragallah - 2001356, 0 , -   , -   , 0 ,,,,
 Account Receivable & Prepayments ,592801448,Raneesh Putiya Purayil - 2001363, -   , -   , -   , -   ,,,,
 Account Receivable & Prepayments ,592801449,Mohamed Ali Hussain Kahil - 2001426 (c/o bassem)," 2,019 "," 2,000 "," 2,000 "," 2,019 ",,,,
 Account Receivable & Prepayments ,592801450,Yahya Asakereh - 2001357, (330), -   , -   , (330),,,,
 Account Receivable & Prepayments ,592801451,Salah Wafeeq Saleem yaseen - 2001369, -   , -   , -   , -   ,,,,
 Account Receivable & Prepayments ,592801452,Ahmed Mohamed Mohamed Hussein - 2001386, -   , -   , -   , -   ,,,,
 Account Receivable & Prepayments ,592801453,Hamid Ali Sohail - 2001389, -   , -   , -   , -   ,,,,
 Account Receivable & Prepayments ,592801454,Adel Abdelsamie Mohamed Elmadany Ismaiel- 2001417, -   , -   , -   , -   ,,,,
 Account Receivable & Prepayments ,592801455,Dalya Ashraf Mokhtar Madyan  2001392, 115 , -   , -   , 115 ,,,,
 Account Receivable & Prepayments ,592801456,Amani T F Alenezi -  2001431, -   , -   , -   , -   ,,,,
 Account Receivable & Prepayments ,592801457,Ahmed Mohammed Rohsdy Ahmed Mohammed Selim - 2412, (270), 270 , -   , -   ,,,,
 Account Receivable & Prepayments ,592801458,George Victor Salloum - 2001413, -   , -   , -   , -   ,,,,
 Account Receivable & Prepayments ,592801459,Mohamed Hamdy Fathy Hassan - 2001420, -   , -   , -   , -   ,,,,
 Account Receivable & Prepayments ,592801460,SANESH SIVAN - 2001339, 450 , -   , -   , 450 ,,,,
 Account Receivable & Prepayments ,592801461,Mustafa Rafiq Mustafa Salameh - 2001395, -   , -   , -   , -   ,,,,
 Account Receivable & Prepayments ,592801462,BADER SULTAN," 1,180 ", -   , -   ," 1,180 ",,,,
 Account Receivable & Prepayments ,592801463,ISSAM ADNAN EL HUSSEINI - 2001433, -   , -   , -   , -   ,,,,
 Account Receivable & Prepayments ,592801464,Ayman Y A Odeh 2001393, -   , -   , -   , -   ,,,,
 Account Receivable & Prepayments ,592801465,AHMED ABOUELEYOUN BADAWY - 2001400, -   , -   , -   , -   ,,,,
 Account Receivable & Prepayments ,592801466,ABDUL HAFEEZ KHDAIR 94095452 ROUTER, 280 , -   , -   , 280 ,,,,
 Account Receivable & Prepayments ,592801467,RAJU N SUNKARA 97549160 ROUTER, 238 , -   , -   , 238 ,,,,
 Account Receivable & Prepayments ,592801468,PIERRE E FARES - 2001372, 0 , -   , -   , 0 ,,,,
 Account Receivable & Prepayments ,592801469,DAYANA AHMED EL SAMAD 2001415, -   , -   , -   , -   ,,,,
 Account Receivable & Prepayments ,592801470,Mahmoud Musthafa Abdul Majid  - 2001315, 16 , -   , 28 , (12),,,,
 Account Receivable & Prepayments ,592801471,Mahmoud Kamal Mahmoud Abdelbaki 2001409, 140 , -   , -   , 140 ,,,,
 Account Receivable & Prepayments ,592801472,Alaa Mohamad Thalaj Supply Chain 2001447, 191 , 191 , 382 , -   ,,,,
 Account Receivable & Prepayments ,592801473,Hend Ahmad Alkurdi Supply Chain 2001440, -   , 144 , 144 , -   ,,,,
 Account Receivable & Prepayments ,592801474,Nada Samir Abdelhamid Attallah FSD 2001404, -   , 105 , 105 , -   ,,,,
 Account Receivable & Prepayments ,592801475,Ayman Rabiei Abdalla Mohamed 2001359, -   , -   , 90 , (90),,,,
 Account Receivable & Prepayments ,592801476,Uppu Rayudu 4075, -   , -   , -   , -   ,,,,
 Account Receivable & Prepayments ,592801477,Mohammad Ali Subhi - 2001361, (58), -   , -   , (58),,,,
 Account Receivable & Prepayments ,592801478,Ahmed Ali Zenan Elfawy - 2001437, -   , -   , -   , -   ,,,,
 Account Receivable & Prepayments ,592801479,Mohamed Fawzy Mahmoud Hammam - 2001452, -   , -   , -   , -   ,,,,
 Account Receivable & Prepayments ,592801480,Mostafa Ahmed Mahmoud Abbas - 2001436, (236), 140 , -   , (96),,,,
 Account Receivable & Prepayments ,592801481,Atef Abdelhakem Amen Hussin - 2001450, -   , -   , -   , -   ,,,,
 Account Receivable & Prepayments ,592801482,XXXXdont use uMohammed Moutaz Costantini - 2001005, -   , -   , -   , -   ,,,,
 Account Receivable & Prepayments ,592801483,Kalesh Chandran - 2001330, -   , -   , -   , -   ,,,,
 Account Receivable & Prepayments ,592801484,Denuwan Priyashanka - 2001382, -   , -   , 162 , (162),,,,
 Account Receivable & Prepayments ,592801485,Mizan Din Islam - 2001448, (27), -   , -   , (27),,,,
 Account Receivable & Prepayments ,592801486,Loutfy Mohamed Abdellatif Mohamed -2001460, -   , -   , -   , -   ,,,,
 Account Receivable & Prepayments ,592801487,Mohammed Moutaz Costantini 2001005," 8,870 ", -   , 250 ," 8,620 ",,,,
 Account Receivable & Prepayments ,592801488,Mohammed Abul Hossain Mokbul Ahmad - 2001491, -   , -   , -   , -   ,,,,
 Account Receivable & Prepayments ,592801489,Ali Tayea Sabet Ahmed - 2001399, -   , -   , -   , -   ,,,,
 Account Receivable & Prepayments ,592801490,Waqash Sarhadi - 2001439, -   , -   , -   , -   ,,,,
 Account Receivable & Prepayments ,592801491,Jerome Vea Rarama - 2001446, -   , -   , -   , -   ,,,,
 Account Receivable & Prepayments ,592801492,Siva Krishna Balam - 2001492, -   , -   , -   , -   ,,,,
 Account Receivable & Prepayments ,592801493,Mahmoud Mohamed Ibrahim Ahmad - 2001280, 22 , -   , -   , 22 ,,,,
 Account Receivable & Prepayments ,592801494,Anas Idris Omer Mohamed - 2001391, -   , -   , -   , -   ,,,,
 Account Receivable & Prepayments ,592801495,Shaaban Sabra Hussein Hassan - 2001454, (146), -   , -   , (146),,,,
 Account Receivable & Prepayments ,592801496,Mostafa Ewis Mohamed Mohamed - 2001461, -   , -   , -   , -   ,,,,
 Account Receivable & Prepayments ,592801497,Shuaib J H Alkoot - 2001515, -   , -   , -   , -   ,,,,
 Account Receivable & Prepayments ,592801498,Aries Minor Alvaro - 2001408, (80), -   , -   , (80),,,,
 Account Receivable & Prepayments ,592801499,Nisar Nilayaduth - 2001419, -   , -   , -   , -   ,,,,
 Account Receivable & Prepayments ,592801500,Abdelrahman Maarag Ahmed Khalil - 2001560, -   , -   , -   , -   ,,,,
 Account Receivable & Prepayments ,592801501,Hamada Fouad Shehata Mohamed - 2001498, -   , -   , -   , -   ,,,,
 Account Receivable & Prepayments ,592801502,Anwar Aossain Ali Azzam - 2001561, (30), -   , -   , (30),,,,
 Account Receivable & Prepayments ,592801503,Mohamed Tayie Rashidy Ali - 2001575, -   , -   , -   , -   ,,,,
 Account Receivable & Prepayments ,592801504,Elias JR. Timbal Gadia - 2001432, -   , -   , -   , -   ,,,,
 Account Receivable & Prepayments ,592801505,Ahmed Elsayed Mohamed Wahballah - 2001425, -   , -   , -   , -   ,,,,
 Account Receivable & Prepayments ,592801506,Gangadhar  Janga Mallaiah -2001566, (100), -   , -   , (100),,,,
 Account Receivable & Prepayments ,592801507,Ahmed Fayek Ahmedan Mahmoud - 2001482, -   , -   , -   , -   ,,,,
 Account Receivable & Prepayments ,592801508,ElHassan Mohamed Kamel Mohamed - 2001472, (35), -   , -   , (35),,,,
 Account Receivable & Prepayments ,592801509,Erwin Yanto Guevarra - 2001503, (100), -   , -   , (100),,,,
 Account Receivable & Prepayments ,592801510,Ramadan Adel Hassan Ahmed - 2001483, (15), -   , -   , (15),,,,
 Account Receivable & Prepayments ,592801511,Ahmed Awadalla Abduo Abdelrady - 2001595, (27), -   , -   , (27),,,,
 Account Receivable & Prepayments ,592801512,MAHMOUD ABDUL MAJEED - 2001324, (100), -   , -   , (100),,,,
 Account Receivable & Prepayments ,592801513,Mahmoud Mohamed Mahmoud Mansour - 2001500, -   , -   , -   , -   ,,,,
 Account Receivable & Prepayments ,592801514,Adham Moustafa Hassanein Moustafa - 2001470, -   , -   , -   , -   ,,,,
 Account Receivable & Prepayments ,592801515,Rashwan Abdelgawwad Mohamed Rashwan -  2001567, -   , -   , 134 , (134),,,,
 Account Receivable & Prepayments ,592801516,Adel Farag Alla Ahmed Faragalla - 2001506, -   , -   , -   , -   ,,,,
 Account Receivable & Prepayments ,592801517,MOSTAFA IBRAHIM MURSI ATA - 2001274, (70), -   , -   , (70),,,,
 Account Receivable & Prepayments ,592801518,Ahmed Hamdy Fathy Hassan - 2001578, 5 , -   , -   , 5 ,,,,
 Account Receivable & Prepayments ,592801519,Mohamed Attia Mohamd Bakhit -2001563, -   , -   , -   , -   ,,,,
 Account Receivable & Prepayments ,592801520,Yaser Azab A A Algarhi - 2001576, (214), -   , -   , (214),,,,
 Account Receivable & Prepayments ,592801521,Rohit Kalal - 2001513, (100), -   , -   , (100),,,,
 Account Receivable & Prepayments ,592801522,Hossam Assem Khattab Mohamed - 2001562, (35), -   , -   , (35),,,,
 Account Receivable & Prepayments ,592801523,Eslam Abdelnaser Mohamed Elsoghair  -2001479, -   , 140 , 140 , -   ,,,,
 Account Receivable & Prepayments ,592801524,Mohamed Mahmoud Ahmed  - 2001582, -   , -   , -   , -   ,,,,
 Account Receivable & Prepayments ,592801525,MAHAMMED I SHAIK  - 2001613, (10), -   , -   , (10),,,,
 -   ,592801526,DONT USE ****Eslam Abdelnaser  Elsoghair- 2001479, -   , -   , -   , -   ,,,,
 Account Receivable & Prepayments ,592801527,Mahmmad Ismail Shaikh - 2001613, 5 , -   , -   , 5 ,,,,
 Account Receivable & Prepayments ,592801528,Abdul Raheem Jad Abdul Radi - 2001592, 100 , -   , -   , 100 ,,,,
 Account Receivable & Prepayments ,592801529,Hany Ibrahim Mahmoud Ibrahim - 2001581, (166), -   , -   , (166),,,,
 Account Receivable & Prepayments ,592801530,Ronald Suliva Zubiri - 2001620, (8), -   , -   , (8),,,,
 Account Receivable & Prepayments ,592801531,Nazih Ibrahim Kotb Ibrahim - 2001621, (18), -   , -   , (18),,,,
 Account Receivable & Prepayments ,592801532,Ghezel Ghalib Hashim - 2001602, (199), -   , -   , (199),,,,
 Account Receivable & Prepayments ,592801533,Ahmed Abdelhamid Attaya  - 2001591, (100), -   , 38 , (138),,,,
 Account Receivable & Prepayments ,592801534,Mahmoud Ahmed Salem Zaidan - 2001593, (100), -   , 38 , (138),,,,
 Account Receivable & Prepayments ,592801535,Biju Sankunni  Sankunni - 2001574, (164), -   , -   , (164),,,,
 Account Receivable & Prepayments ,592801536,Karam Kamal Abdellatif Mohamed Selim - 2001619, (100), -   , -   , (100),,,,
 Account Receivable & Prepayments ,592801537,Mohamed Abdelraouf Fouad Abdelhafez - 2001564, (35), 35 , -   , -   ,,,,
 Account Receivable & Prepayments ,592801538,Mohamed Abouelseoud Khairy Tawhid - 2001609, -   , -   , 35 , (35),,,,
 Inventories ,11140101,INVENTORY," 993,023 "," 522,538 "," 522,222 "," 993,339 ",,,,
 Inventories ,11140102,Delivery Note But Not Invoice, (367)," 434,964 "," 434,964 ", (367),,,,
 Inventories ,11140103,CUSTOM CHARGES," (2,205)"," 13,775 "," 14,654 "," (3,084)",,,,
 Inventories ,11140104,Clearing Expenses," 10,908 "," 8,854 "," 8,027 "," 11,736 ",,,,
 Inventories ,11140105,Damages & Samples, -   , -   , -   , -   ,,,,
 Inventories ,11140106,Short or Over Received Goods, -   , -   , -   , -   ,,,,
 Inventories ,11140107,INVENTORY ADJUSTMENT, -   , -   , -   , -   ,,,,
 Inventories ,11140108,FRIGHT CHARGES," 1,294 "," 5,059 "," 6,636 ", (283),,,,
 Inventories ,11140109,INVENTORY PACKING," (8,187)"," 8,365 "," 7,722 "," (7,544)",,,,
 Inventories ,11140110,PROVISION FOR STOCK, -   , -   , -   , -   ,,,,
 Account payables and accruals ,11140112,DEMURRAGE-PORT/LINE, (73), -   , -   , (73),,,,
 Inventories ,11140113,BANK CHARGE(L/C&POLICIES)," 7,790 ", 82 , 374 ," 7,497 ",,,,
 Inventories ,11140114,INSURANCE CHARG," (21,747)", 490 ," 1,129 "," (22,386)",,,,
 Account payables and accruals ,11140115,UNLODING CHARG, (106), -   , -   , (106),,,,
 Inventories ,11140116,xxGOODS IN TRANSIT, -   , -   , -   , -   ,,,,
 Account payables and accruals ,11140117,UNPALETE CONTAINER, (127), -   , -   , (127),,,,
 Account Receivable & Prepayments ,11140118,UNPALETE - FERRERO, (0), -   , -   , (0),,,,
 Account Receivable & Prepayments ,11140120,STOCK TAKE DIFFERENCES ( VSM - MAIN, (69), -   , -   , (69),,,,
 Inventories ,11140121,PROVISION FOR STOCK - CA," (46,500)", -   , -   ," (46,500)",,,,
 Inventories ,11140122,PROVISION FOR STOCK - FSD," (40,732)", -   , -   ," (40,732)",,,,
 Inventories ,11140201,GOODS IN TRANSIT, -   ," 455,726 "," 455,726 ", 1 ,,,,
 Property  and equipments ,11210101,BUILDING & WAREHOUSING," 938,115 ", -   , -   ," 938,115 ",,,,
 Property  and equipments ,11210102,CARS," 662,890 ", -   , -   ," 662,890 ",,,,
 Property  and equipments ,11210103,FURNITURES," 420,903 ", -   , -   ," 420,903 ",,,,
 Property  and equipments ,11210104,OFFICE EQUIPMENTS," 645,347 ", -   , -   ," 645,347 ",,,,
 Property  and equipments ,11210105,COMPUTERS," 279,878 ", -   , -   ," 279,878 ",,,,
 Property  and equipments ,11210106,MACHINARY, (0), -   , -   , (0),,,,
 Account Receivable & Prepayments ,11210107,WORK IN PROGRESS, -   , -   , -   , -   ,,,,
 Property  and equipments ,11210108,LEASE HOLD LAND," 608,400 ", -   , -   ," 608,400 ",,,,
 GOODWILL - GOODLIFE ,11210201,GOODWILL PAID - GOODLIFE, -   , -   , -   , -   ,,,,
 Property  and equipments ,11210301,ACCUMULATED DEPRECIATION ON BUILDING AND WAREHOUSE," (938,117)", -   , -   ," (938,117)",,,,
 Property  and equipments ,11210302,ACCUMULATED  DEPRECIATION ON CARS," (649,933)", -   , 312 ," (650,245)",,,,
 Property  and equipments ,11210303,ACCUMULATED DEPRECIATION ON FURNITURE," (418,290)", -   , -   ," (418,290)",,,,
 Property  and equipments ,11210304,ACCUMULATED DEPRECIATION ON OFFICE EQUIPMENTS," (536,199)", -   ," 6,547 "," (542,746)",,,,
 Property  and equipments ,11210305,ACCUMULATED DEPRECIATON ON COMPUTERS," (274,739)", -   , 460 ," (275,198)",,,,
 Property  and equipments ,11210306,ACCUMULATED DEPRECIATION ON MACHINARY, 0 , -   , -   , 0 ,,,,
 Loan to Relate Party ,11220101,LONG TERM INVESTMENT - GOODLIFE," 121,232 ", -   , -   ," 121,232 ",,,,
 Loan to Relate Party ,11220102,LONG TERM INVESTMENT - FERGULF KUWAIT," 304,031 ", -   , -   ," 304,031 ",,,,
 Loan to Relate Party ,11220103,LONG TERM INVESTMENT - BRAND AID," 141,473 ", -   , -   ," 141,473 ",,,,
 Bank Borrowings ,22110301,SHORT TERM LOANS AL AHLI, -   , -   , -   , -   ,,,,
 Bank Borrowings ,22110302,SHORT TERM LOANS GULF BANK, -   , -   , -   , -   ,,,,
 Bank Borrowings ,22110303,SHORT TERM LOANS N.B.K, -   , -   , -   , -   ,,,,
 Bank Borrowings ,22110304,SHORT TERM LOANS BANK MUSCAT, -   , -   , -   , -   ,,,,
 Bank Borrowings ,22110305,SHORT TERM LOANS HSBC, -   , -   , -   , -   ,,,,
 Bank Borrowings ,22110306,SHORT TERM LOANS BBK, -   , -   , -   , -   ,,,,
 Account payables and accruals ,22120101,SUPPLIERS," (91,898)"," 704,407 "," 687,747 "," (75,237)",,,,
 Account payables and accruals ,22120102,SUPPLIERS OTHERS, -   , -   , -   , -   ,,,,
 Account payables and accruals ,22120103,SUPPLIERS A&P - BK POT, 0 , -   , -   , 0 ,,,,
 Account payables and accruals ,22120104,ALMA TRADING - GOODWILL, -   , -   , -   , -   ,,,,
 Account payables and accruals ,22120105,SUPPLIERS(GOODS IN TRANSIT), -   , -   , -   , -   ,,,,
 Account payables and accruals ,22120106,FERRERO FSD SALES POT, -   , -   , -   , -   ,,,,
 Account payables and accruals ,22220001,PROVISION A&P CATERING, -   , -   , -   , -   ,,,,
 Account payables and accruals ,22220011,PROVISION A&P FERRERO, -   , -   , -   , -   ,,,,
 Account payables and accruals ,22220012,PROVISION A&P NEWZLAND, -   , -   , -   , -   ,,,,
 Account payables and accruals ,22220013,PROVISION A&P BAHLSEN, -   , -   , -   , -   ,,,,
 Account payables and accruals ,22220014,PROVISION A&P GUYLAIN, -   , -   , -   , -   ,,,,
 Account payables and accruals ,22220015,PROVISION A& P LESURE, -   , -   , -   , -   ,,,,
 Account payables and accruals ,22220016,PROVISION A&P LORENZ, -   , -   , -   , -   ,,,,
 Account payables and accruals ,22220017,PROVISION A&P STORCK, -   , -   , -   , -   ,,,,
 Account payables and accruals ,22220018,XXXXXPROVISION A&P WESELY, -   , -   , -   , -   ,,,,
 Account payables and accruals ,22220019,PROVISION FOR OSD 2014 FWD," (12,123)", -   , -   ," (12,123)",,,,
 Account payables and accruals ,22220020,PROVISION A&P GULF PROCESSING, -   , -   , -   , -   ,,,,
 Account payables and accruals ,22220021,XXXXXXPROVISION A&P KIMBERLY CLARK, -   , -   , -   , -   ,,,,
 Account payables and accruals ,22220022,PROVISION A&P ALMA(LIBBY S), -   , -   , -   , -   ,,,,
 Account payables and accruals ,22220023,PROVISION A&P NIRAPARA, -   , -   , -   , -   ,,,,
 Account payables and accruals ,22220026,XXXXXXPROVISION A&P WIPRO, -   , -   , -   , -   ,,,,
 Account payables and accruals ,22220027,PROVISION A&P KLF NIRMAL, -   , -   , -   , -   ,,,,
 Account payables and accruals ,22220028,PROVISION A&P BBT, -   , -   , -   , -   ,,,,
 Account payables and accruals ,22220029,PROVISION A&P HARIBO, -   , -   , -   , -   ,,,,
 Account payables and accruals ,22220030,PROVISION A&P WONDERFUL, -   , -   , -   , -   ,,,,
 Account payables and accruals ,22220031,XXXXXXPROVISION A&P FOGG, -   , -   , -   , -   ,,,,
 Account payables and accruals ,22220032,PROVISION A&P ARCOR, -   , -   , -   , -   ,,,,
 Account payables and accruals ,22220033,FERRERO TM PENDING, -   , -   , -   , -   ,,,,
 Account payables and accruals ,22220034,PROVISION - REBATE 2015," 11,428 ", -   , -   ," 11,428 ",,,,
 Account payables and accruals ,22220035,PROVISION - RENTAL 2015," (59,503)", -   , -   ," (59,503)",,,,
 Account payables and accruals ,22220036,PROVISION - RENTAL 2018," (18,222)", -   , -   ," (18,222)",,,,
 Account payables and accruals ,22220037,PROVISION - REBATE 2018," (2,672)", -   , -   ," (2,672)",,,,
 Account payables and accruals ,22220038,PROVISION - REBATE 2019," (2,441)", -   , -   ," (2,441)",,,,
 Account payables and accruals ,22220039,PROVISION - RENTAL 2019," (10,980)", -   , -   ," (10,980)",,,,
 Employees end of service benefits ,22220101,PROVISIONS FOR ENDEMNETY," (786,459)"," 7,019 "," 9,044 "," (788,484)",,,,
 Account payables and accruals ,22220102,PROVISIONS FOR LEAVE," (169,798)"," 10,989 "," 8,659 "," (167,468)",,,,
 Account payables and accruals ,22220103,PROVISIONS FOR AIR TICKET," (173,325)"," 2,760 "," 4,219 "," (174,783)",,,,
 Account payables and accruals ,22220104,XXXXXXPROVISION A&P EMAMI, -   , -   , -   , -   ,,,,
 Account payables and accruals ,22220105,PROVISION A&P MCCAIN, -   , -   , -   , -   ,,,,
 Account payables and accruals ,22220106,XXXXXXPROVISION A&P UNILEVER, -   , -   , -   , -   ,,,,
 Account payables and accruals ,22220107,XXXXXXPROVISION A&P DISNEY NON FOOD, -   , -   , -   , -   ,,,,
 Account payables and accruals ,22220108,PROVISION A&P JELLY BEAN, -   , -   , -   , -   ,,,,
 Account payables and accruals ,22220109,PROVISION A&P BUSTAN WATANITA, -   , -   , -   , -   ,58716.523,-120669.653,,
 Account payables and accruals ,22220110,PROVISION A&P CLUSTER, -   , -   , -   , -   ,,,,
 Account payables and accruals ,22220111,PROVISION A&P BLUE PASSION, -   , -   , -   , -   ,,,,
 Account payables and accruals ,22220112,PROVISION A&P OCEAN SPRAY, -   , -   , -   , -   ,,,,
 Account payables and accruals ,22220113,PROVISION A&P LANGNESE, -   , -   , -   , -   ,,,,
 Account payables and accruals ,22220114,PROVISION A&P STEVIANA, -   , -   , -   , -   ,,,,
 Account payables and accruals ,22220115,PROVISION A&P UNITED FOOD CO., -   , -   , -   , -   ,,,,
 Account payables and accruals ,22220116,PROVISION A&P GHIRARDELI, -   , -   , -   , -   ,,,,
 Account payables and accruals ,22220117,PROVISION A&P GIACOBAZZI, -   , -   , -   , -   ,,,,
 Account payables and accruals ,22220118,PROVISION A&P JULIES, -   , -   , -   , -   ,,,,
 Account payables and accruals ,22220119,PROVISION A&P KUPIEC, -   , -   , -   , -   ,,,,
 Account payables and accruals ,22220220,PROVISION A&P MAGIC CHEF, -   , -   , -   , -   ,,,,
 Account payables and accruals ,22220221,PROVISION A&P MYFRESCO, -   , -   , -   , -   ,,,,
 Account payables and accruals ,22220222,PROVISION A&P PIROULINE, -   , -   , -   , -   ,,,,
 Account payables and accruals ,22220223,PROVISION A&P AUGUSTIN, -   , -   , -   , -   ,,,,
 Account payables and accruals ,22220224,PROVISION A&P OXIGENISER, -   , -   , -   , -   ,,,,
 Account payables and accruals ,22220225,PROVISION A&P ABC PROBAKE, -   , -   , -   , -   ,,,,
 Account payables and accruals ,22220226,PROVISION A&P GSF, -   , -   , -   , -   ,,,,
 Account payables and accruals ,22220227,PROVISION A&P BIHOPHAR, -   , -   , -   , -   ,,,,
 Account payables and accruals ,22220228,PROVISION FOR MARKET SPENDS, (24), -   , -   , (24),,,,
 Account payables and accruals ,22220229,SUPPLIER CLAIMS (DEBIT NOTES) - TRADE CLAIMS," 11,082 "," 19,363 "," 5,340 "," 25,105 ",,,,
 Account payables and accruals ,22220230,PROVISION A&P 2020," (9,494)", -   , -   ," (9,494)",,,,
 Account payables and accruals ,22220231,PROVISION FOR SALARY, -   , -   , -   , -   ,,,,
 Account payables and accruals ,22220233,PROVISION FOR A&P 2021," (57,327)", -   , -   ," (57,327)",,,,
 Account payables and accruals ,22220234,PROVISION FOR A&P 2022," (90,335)", 907 , -   ," (89,428)",,,,
 Account payables and accruals ,22220235,PROVISION FOR A&P 2023," (32,900)", -   , -   ," (32,900)",,,,
 Account payables and accruals ,22220236,KITCHEN TREASURE POOL A/C," 5,306 ", -   , 494 ," 4,812 ",,,,
 Account payables and accruals ,22220237,PROVISION FOR A&P 2024," (89,000)", -   ," 21,000 "," (110,000)",,,,
 Account payables and accruals ,22220238,PROVISION FOR A&P 2024 - FSD FERRERO," (17,425)", -   ," 2,669 "," (20,094)",,,,
 Account payables and accruals ,22229999,PROVISION A&P GENERAL, -   , -   , -   , -   ,,,,
 Statutory Reserve ,22220201,STATUTARY RESERVE," (781,106)", -   , -   ," (781,106)",,,,
 General Reserve ,22220202,VOLUNTARY RESERVE," (626,134)", -   , -   ," (626,134)",,,,
 Fair Value Reserve ,22220203,FAIR VALUE RESERVE," (49,031)", -   , -   ," (49,031)",,,,
 Account payables and accruals ,22230101,PROVISION FOR EXPENSES," (109,077)", -   , -   ," (109,077)",,,,
 Account payables and accruals ,22230102,PROVISION FOR BANK INTEREST, -   , -   , -   , -   ,,,,
 Account payables and accruals ,22230103,PROVISION FOR SUBWAY PAYMENT, -   , -   , -   , -   ,,,,
 Account payables and accruals ,22230104,ACCRUED INCOME," 16,664 "," 4,166 ", -   ," 20,830 ",,,,
 Account payables and accruals ,22230105,PROVISION FOR EXPENSE 2020," (308,625)", -   , -   ," (308,625)",,,,
 Account payables and accruals ,22230106,PROVISION FOR EXPENSE 2022," (43,793)", -   , -   ," (43,793)",,,,
 Account payables and accruals ,22230107,PROVISION FOR EXPENSE 2023," (425,145)"," 31,785 "," 75,802 "," (469,163)",,,,
 Share Capital ,33220101,SHARE CAPITAL," (1,000,000)", -   , -   ," (1,000,000)",,,,
 Amount due to members ,33220102,BK PARTNERS CURRENT ACCOUNT, -   , -   , -   , -   ,,,,
 Loan to Relate Party ,33220103,T I H PARTNERS CURRENT ACCOUNT," (134,995)", -   ," 15,700 "," (150,696)",,,,
 Retained earnings ,33330103,RETAINED EARNINGS," (674,131)", -   , -   ," (674,131)",,,,
 Account payables and accruals ,99990101,SUSPENSE ACCOUNT (PAYMENT), 481 ," 10,806 "," 10,806 ", 481 ,,,,
 Account payables and accruals ,99990102,CONTROL EXPENSES COSTING, -   , -   , -   , -   ,,,,
 Inventories ,99990103,SUSPENSE ACCOUNT (STOCK), -   , 1 , 1 , -   ,,,,
 Control A/c ,99990104,CONTROL CUSTOMERS DR/CR," 61,678 "," 28,349 "," 28,349 "," 61,678 ",,,,
 Inventories ,99990105,CONTROL STOCK, -   , -   , -   , -   ,,,,
 Account payables and accruals ,99990106,PAYROLL CONTROL, -   , -   , -   , -   ,,,,
 Account payables and accruals ,99990107,KFH CO-OPS COLLECTION, -   , -   , -   , -   ,,,,
 Account payables and accruals ,99990108,KFH CO-OPS COLLECTION SUSPENSE, 522 ," 120,068 "," 120,068 ", 522 ,,,,
 Account payables and accruals ,99990109,KFH DEDUCTION, -   ," 13,987 "," 13,987 ", -   ,,,,
 -   ,,,,,,,,,,
 -   ,,,,,,,,,,
 -   ,,,,,,,,,,
 -   ,,,,,,,,,,
 -   ,,,,,,,,,,
 -   ,,,,,,,,,,
 -   ,,,,,,,,,,
 -   ,,,,,,,,,,
 -   ,,,,,,,,,,
 -   ,,,,,,,,,,
 -   ,,,,,,,,,,
 -   ,,,,,,,,,,
 -   ,,,,,,,,,,
 -   ,,,,,,,,,,
 -   ,,,,,,,,,,
 -   ,,,,,,,,,,
 -   ,,,,,,,,,,
 -   ,,,,,,,,,,
 -   ,,,,,,,,,,
 -   ,,,,,,,,,,
 -   ,,,,,,,,,,
 -   ,,,,,,,,,,
 -   ,,,,,,,,,,
 -   ,,,,,,,,,,
 -   ,,,,,,,,,,
 -   ,,,,,,,,,,
 -   ,,,,,,,,,,
 -   ,,,,,,,,,,
 -   ,,,,,,,,,,
 -   ,,,,,,,,,,
 -   ,,,,,,,,,,
 -   ,,,,,,,,,,
 -   ,,,,,,,,,,
 -   ,,,,,,,,,,
 -   ,,,,,,,,,,
 -   ,,,,,,,,,,
 -   ,,,,,,,,,,
 -   ,,,,,,,,,,
 -   ,,,,,,,,,,
 -   ,,,,,,,,,,
 -   ,,,,,,,,,,
 -   ,,,,,,,,,,
 -   ,,,,,,,,,,
 -   ,,,,,,,,,,
 -   ,,,,,,,,,,
 -   ,,,,,,,,,,
 -   ,,,,,,,,,,
 -   ,,,,,,,,,,
 -   ,,,,,,,,,,
 -   ,,,,,,,,,,
 -   ,,,,,,,,,,
 -   ,,,,,,,,,,
 -   ,,,,,,,,,,
 -   ,,,,,,,,,,
 -   ,,,,,,,,,,
 -   ,,,,,,,,,,
 -   ,,,,,,,,,,
 -   ,,,,,,,,,,
 -   ,,,,,,,,,,
 -   ,,,,,,,,,,
 -   ,,,,,,,,,,
 -   ,,,,,,,,,,
 -   ,,,,,,,,,,
 -   ,,,,,,,,,,
 -   ,,,,,,,,,,
 -   ,,,,,,,,,,
 -   ,,,,,,,,,,
 -   ,,,,,,,,,,
 -   ,,,,,,,,,,
 -   ,,,,,,,,,,
 -   ,,,,,,,,,,
 -   ,,,,,,,,,,
 -   ,,,,,,,,,,
 -   ,,,,,,,,,,
 -   ,,,,,,,,,,
 -   ,,,,,,,,,,
 -   ,,,,,,,,,,
 -   ,,,,,,,,,,
 -   ,,,,,,,,,,
 -   ,,,,,,,,,,
 -   ,,,,,,,,,,
 -   ,,,,,,,,,,
 -   ,,,,,,,,,,
 -   ,,,,,,,,,,
 -   ,,,,,,,,,,
 -   ,,,,,,,,,,
 -   ,,,,,,,,,,
 -   ,,,,,,,,,,
 -   ,,,,,,,,,,
 -   ,,,,,,,,,,
 -   ,,,,,,,,,,
 -   ,,,,,,,,,,
 -   ,,,,,,,,,,
 -   ,,,,,,,,,,
 -   ,,,,,,,,,,
 -   ,,,,,,,,,,
 -   ,,,,,,,,,,
 -   ,,,,,,,,,,
 -   ,,,,,,,,,,
 -   ,,,,,,,,,,
 -   ,,,,,,,,,,
 -   ,,,,,,,,,,
 -   ,,,,,,,,,,
 -   ,,,,,,,,,,
 -   ,,,,,,,,,,
 -   ,,,,,,,,,,
 -   ,,,,,,,,,,
 -   ,,,,,,,,,,
 -   ,,,,,,,,,,
 -   ,,,,,,,,,,
 -   ,,,,,,,,,,
 -   ,,,,,,,,,,
 -   ,,,,,,,,,,
 -   ,,,,,,,,,,
 -   ,,,,,,,,,,
 -   ,,,,,,,,,,
 -   ,,,,,,,,,,
 -   ,,,,,,,,,,
 -   ,,,,,,,,,,
 -   ,,,,,,,,,,
 -   ,,,,,,,,,,
 -   ,,,,,,,,,,
 -   ,,,,,,,,,,
,,,,,,,,,,
,,,,,,,,,,
