SORT,ACCOUNT NO,ACCOUNT NAME, OPENING BALANCE , DEBIT AMOUNT , CREDIT AMOUNT , BALANCE ,,,,,,,,
 Sales of Goods ,44110100,CASH  SALES,-27483.018,0,4279.202,-31762.22,,,,,,,,
 Sales of Goods ,44110101,CREDIT SALES,-4436591.155,12953.19,788650.846,-5212288.811,,,,,,,,
 Sales of Goods ,44110200,DISCOUNT ON CASH SALES,9223.488,570.121,0,9793.609,,,,,,,,
 Sales of Goods ,44110201,DISCOUNT ON CREDIT SALES,368047.775,50134.733,5.202,418177.306,,,,,,,,
 Cost of Sales ,44120100,COST OF CASH SALES,15633.102,2572.432,0,18205.534,,,,,,,,
 Cost of Sales ,44120101,COST OF CREDIT SALES,2789924.641,501678.155,8082.651,3283520.145,,,,,,,,
 Cost of Sales ,44120500,FOC TRANSFER -A&P RECHARGEABLE,9151.052,1881,767,10265.052,,,,,,,,
 Gain on foreign exchange ,44220301,EXCHANGE RATE,-6778.707,990.332,1106.788,-6895.163,,,,,,,,
 Other Income ,44220302,OTHERS,-1723.923,0,268.281,-1992.204,,,,,,,,
 Other Income ,44220334,FERRERO MERCHANDISER INCOME,-135474,0,22579,-158053,,,,,,,,
 Other Income ,44220335,FERRERO 3PL INCOME,-337976.882,0,62186.208,-400163.09,,,,,,,,
 Other Income ,44220337,COMMISSION INCOME FROM FERGULF,-126666.666,0,21111.111,-147777.777,,,,,,,,
 Other Income ,44220339,INCOME FROM GOODLIFE,-42000,0,7000,-49000,,,,,,,,
 Other Income ,44220340,INCOME FROM BATEEL,-12120,0,2020,-14140,,,,,,,,
 Other Income ,44220341,INCOME FROM AL THIQA 3PL,-43500,0,7250,-50750,,,,,,,,
 Finance Cost ,44220345,INTEREST INCOME - FIXED DEPOSIT,-24996,0,5080,-30076,,,,,,,,
 Distribution Costs ,55110101,SALES COMMISSION,57728.967,10885.33,0,68614.297,,,,,,,,
 Distribution Costs ,55110102,DAMAGE,24240.441,3926.072,0,28166.513,,,,,,,,
 Distribution Costs ,55110103,ADVERTISING & PROMOTION,107561.75,0,8000,99561.75,,,,,,,,
 Distribution Costs ,55110104,CARS EXPENSES,3842.184,215.589,0,4057.773,,,,,,,,
 Finance Cost ,55110109,REFINANCING INTEREST -KFH,33461.297,6205.509,0,39666.806,,,,,,,,
 Distribution Costs ,55110112,EXTRA DISCOUNT TO CUST,1.29,0,0,1.29,,,,,,,,
 Distribution Costs ,55110113,STOCK TAKE VARAINCE,149.855,0,0,149.855,,,,,,,,
 Distribution Costs ,55110119,DAMAGES - HHT,6031.03,665.001,0,6696.031,,,,,,,,
 Distribution Costs ,55110123,MUNCIPALITY SAMPLES,1694.376,395.57,0,2089.946,,,,,,,,
 Distribution Costs ,55110124,REBATES,83115.933,48760.644,13310,118566.577,,,,,,,,
 Distribution Costs ,55110125,RENTALS - CONTRACTUAL,47578.833,19917.526,3580,63916.359,,,,,,,,
 Distribution Costs ,55110126,RENTALS - NON CONTRACTUAL,39953.837,10262.486,507,49709.323,,,,,,,,
 Distribution Costs ,55110127,LISTING FEES,9786.8,15832.045,14463,11155.845,,,,,,,,
 Distribution Costs ,55110128,OFF SHELF DISPLAY (OSD),75176.418,65965.186,10648,130493.604,,,,,,,,
 Distribution Costs ,55110129,PROMOTION SPENDS,1636.547,0,0,1636.547,,,,,,,,
 Distribution Costs ,55110130,OTHER MARKET SPENDS,32079.411,5986.542,490,37575.953,,,,,,,,
 Distribution Costs ,55110131,IN-MARKET LIQUIDATION,6998.708,7266.39,1216,13049.098,,,,,,,,
 Distribution Costs ,55110132,CONTRACT &  INVENTORY SUPPORT,61141.415,9968.391,1070,70039.806,,,,,,,,
 Distribution Costs ,55110133,PRICE DIFF  PRICE INCREASE FEES,2920.732,1323.516,246,3998.248,,,,,,,,
 Distribution Costs ,55110134,FOC GOODS INCOME,-8893.548,0,1135.519,-10029.067,,,,,,,,
 Distribution Costs ,55110135,A&P SUPPORT FROM BP (NON GP),-111160,0,24249,-135409,,,,,,,,
 Distribution Costs ,55120101,SALARIES,551207.637,104285.012,7426.038,648066.611,,,,,,,,
 Distribution Costs ,55120102,LEAVE,49761.39,10363.721,2190,57935.111,,,,,,,,
 Distribution Costs ,55120103,INDEMNITY,76027.491,9571.333,823,84775.824,,,,,,,,
 Distribution Costs ,55120105,STAFF INSURANCE,20798.522,0,30.2,20768.322,,,,,,,,
 Administrative expenses ,55120107,TEMPORARY LABOUR & DRIVER,21443.153,3550,0,24993.153,,,,,,,,
 Distribution Costs ,55120108,TRAINING,908.142,151.357,0,1059.499,,,,,,,,
 Administrative expenses ,55120109,STAFF OVERTIME,31439.366,6473.828,0,37913.194,,,,,,,,
 Distribution Costs ,55120110,STAFF AIR TICKET,28212.518,4618.503,0,32831.021,,,,,,,,
 Distribution Costs ,55120111,SCHOOL FEES,14534.992,2483.33,0,17018.322,,,,,,,,
 Distribution Costs ,55120112,STAFF WELFARE,1586.64,0,0,1586.64,,,,,,,,
 Distribution Costs ,55120113,EXTRA COMMISSION,0,58.56,0,58.56,,,,,,,,
 Distribution Costs ,55120114,STAFF HEALTH CARD,838,275,0,1113,,,,,,,,
 Distribution Costs ,55120115,STF FAMILY VISA,45,0,0,45,,,,,,,,
 Distribution Costs ,55120119,STAFF CIVIL ID FEES,545,0,0,545,,,,,,,,
 Distribution Costs ,55120121,STAFF GROUP LIFE INSURANCE,4213.851,696.224,0,4910.075,,,,,,,,
 Administrative expenses ,55120124,SECURITY GUARD-OUTSOURCED,10800,2430,1080,12150,,,,,,,,
 Distribution Costs ,55120125,SALARY RECHARGE,-52317.321,0,8514.161,-60831.482,,,,,,,,
 Distribution Costs ,55130101,MITSUBISH  #19/6744 - LOG-V09,1672.95,65,0,1737.95,,,,,,,,
 Distribution Costs ,55130113,NISSAN#2/22404 - LOG-V04,489.25,68.25,0,557.5,,,,,,,,
 Distribution Costs ,55130136,MITSUBISHI 16/6825 -  LOG-V12,987.916,100.5,0,1088.416,,,,,,,,
 Distribution Costs ,55130154,MITSUBISHI- 5/85020 -  LOG-V15,919.45,52,0,971.45,,,,,,,,
 Distribution Costs ,55130155,MITSUBISHI-9/30258 -  LOG-V16,1131.45,120.5,0,1251.95,,,,,,,,
 Distribution Costs ,55130156,ISUZU 19/17885 -  LOG-V17,1044.95,61.5,0,1106.45,,,,,,,,
 Distribution Costs ,55130157,MITSUBISHI-  5/84205 -  LOG-V18,965.778,238.25,0,1204.028,,,,,,,,
 Distribution Costs ,55130158,MITSUBISHI   5/80820 -  LOG-V19,663.977,169,0,832.977,,,,,,,,
 Distribution Costs ,55130159,MITSUBISHI   6/90521 -  LOG-V20,849.977,180.95,0,1030.927,,,,,,,,
 Distribution Costs ,55130160,ISUZU 4/87409 - CPD(BRN)-V21,1117.727,543.5,0,1661.227,,,,,,,,
 Distribution Costs ,55130161,ISUZU 4/87196 - CPD(BRN)-V22,803.478,70.5,0,873.978,,,,,,,,
 Distribution Costs ,55130162,ISUZU 5/91368 - CPD(BRN)-V23,471.25,55.5,0,526.75,,,,,,,,
 Distribution Costs ,55130163,ISUZU 4/87110 - CPD(BRN)-V24,645.977,50,0,695.977,,,,,,,,
 Distribution Costs ,55130166,ISUZU 7/27250 - CPD(BRN)-V26,969,90,0,1059,,,,,,,,
 Distribution Costs ,55130167,ISUZU 3/77831 - LOG,996.477,158.5,0,1154.977,,,,,,,,
 Distribution Costs ,55130168,ISUZU 3/77637 - CPD(BRN)-V28,860.727,462.5,0,1323.227,,,,,,,,
 Distribution Costs ,55130169,TOYOTA 5/31762 - LT-V32,460.35,40,0,500.35,,,,,,,,
 Distribution Costs ,55130173,TOYOTA HIACE 9/71879 - CPD(LT)-V38,589.35,65.1,0,654.45,,,,,,,,
 Distribution Costs ,55130176,ISUZU 13/11116 - LOG-V30,863.227,134.27,0,997.497,,,,,,,,
 Distribution Costs ,55130177,ISUZU 13/11282- LOG-V31,901.55,324.25,0,1225.8,,,,,,,,
 Distribution Costs ,55130178,ISUZU 17/53442-LOG-V 34,654,124.5,0,778.5,,,,,,,,
 Distribution Costs ,55130179,TOYOTA 3/11230 - CPD(LT)-V42,281.25,107.25,0,388.5,,,,,,,,
 Distribution Costs ,55130180,TOYOTA 3/14815 - CPD(LT)-V43,496.25,131.5,0,627.75,,,,,,,,
 Distribution Costs ,55130182,NISSAN 11/58449 - CPD-V29,150.5,41.5,0,192,,,,,,,,
 Distribution Costs ,55130183,ISUZU 11/78393 - LOG-V39,1006.417,196.515,0,1202.932,,,,,,,,
 Distribution Costs ,55130184,ISUZU 11/89716 - LOG-V40,1037.417,143.75,0,1181.167,,,,,,,,
 Distribution Costs ,55130185,HYUNDAI 11/74065 - CPD-V33,171,7.5,0,178.5,,,,,,,,
 Distribution Costs ,55130186,ISUZU 12/83885 - LOG-V41,1147.25,96.75,0,1244,,,,,,,,
 Distribution Costs ,55130189,HINO 13/15597 - V47 LOG,1000.75,96.25,0,1097,,,,,,,,
 Distribution Costs ,55130190,VAN 13/53293 -V48 CPD,899.3,89.75,0,989.05,,,,,,,,
 Distribution Costs ,55130193,14/26180 - LOG BW VEH,15,0,0,15,,,,,,,,
 Distribution Costs ,55130195,14/86107 - V52 CPD ETHNIC,942,191.015,0,1133.015,,,,,,,,
 Distribution Costs ,55130196,14/86011 -  V53 CPD ETHNIC,522,105.65,0,627.65,,,,,,,,
 Distribution Costs ,55130197,14/48627 - V54 CPD ETHNIC,610.4,131.5,0,741.9,,,,,,,,
 Administrative expenses ,55130198,FORK LIFT MAINTENANCE,55,0,0,55,,,,,,,,
 Distribution Costs ,55130199,14/62180 - V51 LOG,1072.75,56,0,1128.75,,,,,,,,
 Distribution Costs ,55130200,14/76310 - V50 LOG,1008.75,139,0,1147.75,,,,,,,,
 Distribution Costs ,55130202,TOYOTA COASTER 19/64026 TRANSPORT VAN,364.5,30,0,394.5,,,,,,,,
 Distribution Costs ,55130203,22/60232 ISUZU HALF LORRY 2023 MODEL LOG,0,510,0,510,,,,,,,,
 Distribution Costs ,55130204,22/60372 ISUZU HALF LORRY 2023 MODEL LOG,0,510,0,510,,,,,,,,
 Distribution Costs ,55130205,22/60464 ISUZU HALF LOORY 2023 MODEL LOG,0,513,0,513,,,,,,,,
 Administrative expenses ,55150101,AUDIT FEES,2125.002,354.167,0,2479.169,,,,,,,,
 Administrative expenses ,55150102,LEGAL FEES,17634.876,2939.146,0,20574.022,,,,,,,,
 Administrative expenses ,55150103,MAINTENANCE -PROPERTY,25294.106,4503.375,1000,28797.481,,,,,,,,
 Administrative expenses ,55150104,COMMUNICATION,5399.555,866.635,0,6266.19,,,,,,,,
 Administrative expenses ,55150105,STATIONARY,7657.266,1456.081,0,9113.347,,,,,,,,
 Administrative expenses ,55150106,ELECTRICITY & WATER,14373.516,2395.563,0,16769.079,,,,,,,,
 Administrative expenses ,55150107,RENTS,152239.998,27248.333,0,179488.331,,,,,,,,
 Administrative expenses ,55150108,TRAVELING EXPENSES,8158.313,1292.038,0,9450.351,,,,,,,,
 Administrative expenses ,55150109,SUBSCRIPTION,866.286,144.381,0,1010.667,,,,,,,,
 Administrative expenses ,55150112,COMPUTER EXPENSES,12229.571,1763.716,0,13993.287,,,,,,,,
 Administrative expenses ,55150113,COURIER & POSTAGE,293.651,51.617,0,345.268,,,,,,,,
 Administrative expenses ,55150114,INSURANCE & OTHERS,12150,2025,0,14175,,,,,,,,
 Administrative expenses ,55150115,ENTERTAINMENTS,5983.713,909.573,0,6893.286,,,,,,,,
 Administrative expenses ,55150116,OFFICE EXPENSES,11596.655,2075.122,0,13671.777,,,,,,,,
 Administrative expenses ,55150117,BAD&DOUBTFUL DEBTS,4000,0,0,4000,,,,,,,,
 Provision on obsolete inventories ,55150124,EXPENSES FOR UNDATED STOCK,-9000,0,0,-9000,,,,,,,,
 Administrative expenses ,55150334,SOCIAL SECURITY FOR NON KUWAITI,6313.03,1216.184,0,7529.214,,,,,,,,
 Administrative expenses ,55150336,ADDITIONAL WHS,21024.6,2353,0,23377.6,,,,,,,,
 Distribution Costs ,55150339,ADDITIONAL TRUCKS,1185,0,0,1185,,,,,,,,
 Administrative expenses ,55150340,MIRNA EXPENSE,600,100,0,700,,,,,,,,
 Administrative expenses ,55150341,ONLINE SERVER,800,100,0,900,,,,,,,,
 Administrative expenses ,55150344,PANTRY EXPENSES,2853.563,383.633,0,3237.196,,,,,,,,
 Administrative expenses ,55150345,BUSINESS LUNCH,2902.443,550.803,0,3453.246,,,,,,,,
 Administrative expenses ,55150348,SABHAN WAREHOUSE RENT,120000,20000,0,140000,,,,,,,,
 Management fees ,55150349,MANAGEMENT FEES - TIH,19207.002,3201.167,0,22408.169,,,,,,,,
 Administrative expenses ,55150351,LICENSE,0,2333,2000,333,,,,,,,,
 Administrative expenses ,55150352,AMC - ANNUAL MAINTENANCE CONTRACT,7899.998,2838.333,0,10738.331,,,,,,,,
 Administrative expenses ,55150353,ISO 9001:2015 & ISO 22000:2018,1680,613.333,280,2013.333,,,,,,,,
 Depreciation & amortization ,55160102,DEPRECIATION ON CARS,1871.376,1249.396,0,3120.772,,,,,,,,
 Depreciation & amortization ,55160103,DEPRECIATION ON EQUIPMENT,38431.298,6547.332,0,44978.63,,,,,,,,
 Depreciation & amortization ,55160104,DEPRECIATION ON COMPUTERS,2685.412,459.917,0,3145.329,,,,,,,,
 Finance Cost ,55170101,BANK INTEREST,1,0,0,1,,,,,,,,
 Finance Cost ,55170102,BANK CHARGES,2305.068,1438.115,968,2775.183,,,,,,,,
 Finance Cost ,55170108,INTEREST INCOME - GOODLIFE,-5963,0,1210,-7173,,,,,,,,
 Cash & Chq in Hand ,11110101,CASH AND CHEQUES ON HAND,0,58826.494,58826.494,0,,,,,,,,
 Cash & Chq in Hand ,11110102,PETTY CASH HEAD OFFICE,4122.155,13621.105,15576.005,2167.255,,,,,,,,
 Cash & Chq in Hand ,11110120,CASH  ON HAND HHT,-0.847,7658.923,7658.09,-0.014,,,,,,,,
 Cash & Chq in Hand ,11110122,PETTY CASH IMPREST - LOGISTICS,500,0,0,500,,,,,,,,
 Cash & Chq in Hand ,11110123,PETTY CASH IMPREST - HR,500,0,0,500,,,,,,,,
 Bank Balance and cash ,11110201,GULF BANK 09633119,121.856,0,0,121.856,,,,,,,,
 Bank Balance and cash ,11110202,KUWAIT FINANCE HOUSE (K.F.H),13854.904,198747.816,100010,112592.72,,,,,,,,
 Bank Balance and cash ,11110203,AL AHLI BANK KD A/C,72973.526,0,0,72973.526,,,,,,,,
 Bank Balance and cash ,11110205,BURGAN BANK,3925.61,0,0,3925.61,,,,,,,,
 Bank Balance and cash ,11110206,NATIONAL BANK(0003868710101 - KD),184282.948,596583.447,655804.566,125061.829,,,,,,,,
 Bank Balance and cash ,11110207,GULF BANK 06219808,183435.83,471959.763,400226.092,255169.501,,,,,,,,
 Bank Balance and cash ,11110210,GULF BANK 04803038 ($),2745.495,1743.685,0,4489.18,,,,,,,,
 Bank Balance and cash ,11110218,BANK OF BAHRAIN KUWAIT - BBK,668010.344,253108.17,620592.033,300526.481,,,,,,,,
 Bank Balance and cash ,11110219,FIXED DEPOSIT - 1,500000,250000,0,750000,,,,,,,,
 Bank Balance and cash ,11110220,FIXED DEPOSIT - 2,500000,250000,0,750000,,,,,,,,
 Bank Balance and cash ,11110221,KUWAIT INTERNATIONAL BANK - KIB 011010223151,1000,0,0,1000,,,,,,,,
 Cash & Chq in Hand ,11110301,CHEQUES ON HAND,1.295,190721.168,190721.168,1.295,,,,,,,,
 Cash & Chq in Hand ,11110302,POST DATED CHEQUES,41335.305,64616.687,57594.837,48357.155,,,,,,,,
 Cash & Chq in Hand ,11110303,IMMATURE CHEQUES,-31495.619,28229.246,37887.441,-41153.814,,,,,,,,
 Cash & Chq in Hand ,11110310,POST DATED CHEQUES HHT,-9842.909,0,0,-9842.909,,,,,,,,
 Account Receivable & Prepayments ,11110609,STAFF ZAIN BILLS CONTROL,5289.136,1248.176,101.93,6435.382,,,,,,,,
 Cash & Chq in Hand ,11110610,PETTY CASH - CASH SALARY,502.036,4924.73,5193,233.766,,,,,,,,
 Account Receivable & Prepayments ,11110612,HARIBO CLAIM,4910,0,0,4910,,,,,,,,
 Account payables and accruals ,11110614,BAHLSEN CLAIMS,1219.92,0,0,1219.92,,,,,,,,
 Account Receivable & Prepayments ,11110618,LORENZ CLAIMABLE,1200,0,0,1200,,,,,,,,
 Account Receivable & Prepayments ,11110619,FERGULF KUWAIT GEN TRAD COMPANY,298862.219,116200.699,86569.17,328493.748,,,,,,,,
 Account payables and accruals ,11110620,METCO (MIDDLE EAST TELECOMMUNICATION),7,0,0,7,,,,,,,,
 Account payables and accruals ,11110621,SUPPLIER CLAIMS - IMPORTS,8719.635,0,0,8719.635,,,,,,,,
 Cash & Chq in Hand ,11110622,PETTY CASH CONTROL,0,10954.9,10954.9,0,,,,,,,,
 Account Receivable & Prepayments ,11110623,FERGULF MARKET SPENDS,35618.565,0,0,35618.565,,,,,,,,
 Account Receivable & Prepayments ,11110624,AL THIQA CLAIMS,-737.273,7250,8802.836,-2290.109,,,,,,,,
 Account Receivable & Prepayments ,11110625,BATEEL CLAIMS,6060,2020,0,8080,,,,,,,,
 Account Receivable & Prepayments ,11120101,TRADE RECEIVABLE,1436116.679,1062457.257,1131218.529,1367355.407,,,,,,,,
 Account payables and accruals ,11120111,PROVISION FOR DEBIT NOTES,-6136.45,0,0,-6136.45,,,,,,,,
 Account Receivable & Prepayments ,11120112,PROVISION FOR BAD & DOUBTFUL - CA,-224420.874,0,2407.563,-226828.437,,,,,,,,
 Account Receivable & Prepayments ,11120113,PROVISION FOR BAD & DOUBTFUL - FSD,-278965.69,0,0,-278965.69,,,,,,,,
 Account Receivable & Prepayments ,11120301,PREPAID RENTS,0,3094,0,3094,,,,,,,,
 Account Receivable & Prepayments ,11120302,REFUNDABLE DEPOSIT,7182.403,3094,196.89,10079.513,,,,,,,,
 Account Receivable & Prepayments ,11120303,PREPAID EXPENSES,3047.598,0,683.067,2364.531,,,,,,,,
 Account Receivable & Prepayments ,11120304,ADVANCE PAYMENT INSURANCE,12388.251,0,2946.221,9442.03,,,,,,,,
 Account Receivable & Prepayments ,11120305,IMAD SULTAN,800.804,0,0,800.804,,,,,,,,
 Account Receivable & Prepayments ,11120306,HUSSAIN JAWAD,70.242,0,0,70.242,,,,,,,,
 Amount due from related parties ,11120307,MUSTAFA SULTAN,14032.321,0,0,14032.321,,,,,,,,
 Amount due from related parties ,11120308,TAWFIQ SULTAN,5655.103,0,0,5655.103,,,,,,,,
 Account Receivable & Prepayments ,11120309,MOHAMMED TAWFIQ SULTAN,16310.561,0,0,16310.561,,,,,,,,
 Account payables and accruals ,11120326,PREPAID LISTING FEES,-39984,0,0,-39984,,,,,,,,
 Account Receivable & Prepayments ,11120328,PREPAID MARKET RENTALS,58456.08,12983,15533,55906.08,,,,,,,,
 Amount due to related parties ,11120401,BUSTAN NATIONAL RECHARGE,-343097.307,73169.91,27821.595,-297748.992,,,,,,,,
 Amount due from related parties ,11120403,SULTAN FURNISHING CO.,2471,0,0,2471,,,,,,,,
 Account payables and accruals ,11120405,TOWEL INTERNATIONAL GROUB,228.22,0,0,228.22,,,,,,,,
 Amount due from related parties ,11120408,W.J.TOWELL - ENHANCE UAE,-0.004,0,0,-0.004,,,,,,,,
 Amount due to related parties ,11120412,BUSTAN WATANIYA-DEBIT NOTE,-614.462,9.976,0,-604.486,,,,,,,,
 Amount due from related parties ,11120414,GOOD LIFE TRADING CO.,121512.651,8210,15000,114722.651,,,,,,,,
 Loan to Relate Party ,11120415,LOAN TO FERGULF KUWAIT GEN.TRAD.W.L.L,749700,0,0,749700,,,,,,,,
 Amount due from related parties ,11120417,BRAND AID,116211.579,175,90000,26386.579,,,,,,,,
 Amount due to related parties ,11120419,SULTAN INTERNATIONAL PRNTING,-72277.254,0,0,-72277.254,,,,,,,,
 Amount due from related parties ,11120420,BRAND AID DESIGN & PRODUCTION DEPT,75280.2,300,10000,65580.2,,,,,,,,
 Amount due from related parties ,11120421,KUWAIT UNITED CHEMALLOYS MANUFACTURING CO. (KUCM),-225,0,0,-225,,,,,,,,
 Account Receivable & Prepayments ,21702559,RAJESH DAYANAND KEDAR - WH - 4066,7.5,0,0,7.5,,,,,,,,
 Account Receivable & Prepayments ,100300975,MAHDY TAMAH MOHAMMED  - HR - 1015,337.5,22.5,0,360,,,,,,,,
 Account Receivable & Prepayments ,110700048,NABIL MUSCATI - GEN - 2153,3746.3,0,0,3746.3,,,,,,,,
 Account Receivable & Prepayments ,122401112,KHALED AYED EID ALDHUFEERI - GEN - 1027,31.5,0,0,31.5,,,,,,,,
 Account Receivable & Prepayments ,130601868,NOURAH D SH A ALAJMI - 1043,400,200,600,0,,,,,,,,
 Account Receivable & Prepayments ,131300262,NIDAL MOHAMAD YASIN - ITD - 1009,152.744,0,0,152.744,,,,,,,,
 Account Receivable & Prepayments ,140101133,KHALEID AYADA HAMAAD - HR - 1014,-718.8,0,0,-718.8,,,,,,,,
 Account Receivable & Prepayments ,140700494A,MOHAMMAD AHMAD SALEEM SHAABAN - 2380,-75,250,0,175,,,,,,,,
 Account Receivable & Prepayments ,150902895,SAJEEVAN - FIN - 1008,0.829,0,0,0.829,,,,,,,,
 Account Receivable & Prepayments ,152900546,MASHAEL MUDHI AWADH - GEN(KWT - 1025,-110,0,0,-110,,,,,,,,
 Account Receivable & Prepayments ,162501109,MANAHEL JASSIM HASAN SADEQ GEN(KWT)- 1036,-130,0,0,-130,,,,,,,,
 Account Receivable & Prepayments ,190903281,MARAE  ALI GOMAA - GIS - 4023,725,0,0,725,,,,,,,,
 Account Receivable & Prepayments ,192600073,ALI CHECHEMI - GEN - 2155,-330.631,0,0,-330.631,,,,,,,,
 Account Receivable & Prepayments ,261501983,SADEK AL-SHACK ALI  - LOG - 3009,1292.25,0,5,1287.25,,,,,,,,
 Account Receivable & Prepayments ,280201455,MOHAMMAD FAZLE HAQUE ASHRAFI - 2297,-140,0,2.693,-142.693,,,,,,,,
 Account Receivable & Prepayments ,400109877,AHMED RAMADAN ABDUL NASER MOTAWIE - CA - 2217,0,0,14,-14,,,,,,,,
 Account Receivable & Prepayments ,400205173,IBRAHEM ABD AL HAFEEZ - CA - 2039,-257.548,0,0,-257.548,,,,,,,,
 Account Receivable & Prepayments ,400903227,NAZIMA PASH FATEH MOHAMMED - CA - 2112,12.497,0,0,12.497,,,,,,,,
 Account Receivable & Prepayments ,410116776,MOHAMMAD ALDAYREE - CA - 2024,-86.739,0,0,-86.739,,,,,,,,
 Account Receivable & Prepayments ,410503039,SAYED FATHE ZAID - CA - 2040,1.411,0,0,1.411,,,,,,,,
 Account Receivable & Prepayments ,410505579,AHMED FAHMY HASSAN MOHAMMED - CA - 2178,-2.43,0,75,-77.43,,,,,,,,
 Account Receivable & Prepayments ,411011325,ADHAM SALAHELDIN AHMED ISMAIL - CA - 2215,-132.54,0,0,-132.54,,,,,,,,
 Account Receivable & Prepayments ,411901532,REFAT MOKHTAR ALERYAN  - CA - 2029,-9.01,0,0,-9.01,,,,,,,,
 Account Receivable & Prepayments ,421404572,MOHAMOUD KOTB AHMED EI - CA - 2103,0.4,188,188,0.4,,,,,,,,
 Account Receivable & Prepayments ,422004585,AHMED JAMAL ALI AHMED - CA - 2198,-138.87,0,0,-138.87,,,,,,,,
 Account Receivable & Prepayments ,422203149,ADEL SALAH MOHAMED ANTAR - CA - 2144,2.93,0,0,2.93,,,,,,,,
 Account Receivable & Prepayments ,422702694,MOHMOUD MARIEH MAHMOUD - CA - 2026,-134.56,0,0,-134.56,,,,,,,,
 Account Receivable & Prepayments ,422800678,SAAD  MESSAYER - CA - 2007,991,0,0,991,,,,,,,,
 Account Receivable & Prepayments ,428510050,KARAM YOUNIS REYAD EITAHER-CA-2248,-14.55,0,0,-14.55,,,,,,,,
 Account Receivable & Prepayments ,430302097,ESAM ADEL  MAHAMED - CA - 2054,0.52,0,0,0.52,,,,,,,,
 Account Receivable & Prepayments ,431702537,Amro Ahmed Younis Bekhit - CA - 2163,0.396,0,0,0.396,,,,,,,,
 Account Receivable & Prepayments ,431804635,MOHAMED GAMAL KAMAL SHEHATA - CA - 2233,-127,0,0,-127,,,,,,,,
 Account Receivable & Prepayments ,432503023,NASER IBRAHEM MORSY - CA - 2049,-306.84,0,0,-306.84,,,,,,,,
 Account Receivable & Prepayments ,440102252,HUSSAIN HAFEZ AMIN - CA - 2036,-2.88,0,0,-2.88,,,,,,,,
 Account Receivable & Prepayments ,451006288,SAHEER BOMANE NJALORAT - CA - 2069,-100.81,0,0,-100.81,,,,,,,,
 Account Receivable & Prepayments ,451305582,Abhilash Komalam Vikram - CA - 2149,-18,0,0,-18,,,,,,,,
 Account Receivable & Prepayments ,451404791,ASIF MAHTHASH NADENMAL THAZHAYIL - CA - 2227,-30.21,0,6.97,-37.18,,,,,,,,
 Account Receivable & Prepayments ,451510433,LIBIMON BABY - CA - 2221,-99.13,0,0,-99.13,,,,,,,,
 Account Receivable & Prepayments ,453001754,RASHID ATHOORUVALAPPIL MOIDUTTY - CA - 2174,0.87,0,0,0.87,,,,,,,,
 Account Receivable & Prepayments ,461600333,SOBHIE  AZHAB  ALALI - CA - 2081,11203,0,1200,10003,,,,,,,,
 Account Receivable & Prepayments ,461803808,Regeio Llanita Gito - CA - 2151,0.4,137,137,0.4,,,,,,,,
 Account Receivable & Prepayments ,470110746,ABDALLA SALAH AHMED HASSANIN - CA - 2172,0.42,0,0,0.42,,,,,,,,
 Account Receivable & Prepayments ,470903702,EKRAMY AHMED AL SAYED ABDUL KARIM - CA - 2201,0.4,0,0,0.4,,,,,,,,
 Account Receivable & Prepayments ,471702176,MARCOS ALEXO REBELLO - CA - 2102,-134.13,0,0,-134.13,,,,,,,,
 Account Receivable & Prepayments ,471805153,DENNIS PAYUYO ASUNCION - CA - 2186,-57,0,0,-57,,,,,,,,
 Account Receivable & Prepayments ,472900833,KHALED YOUSEF - CA - 2076,106.482,0,0,106.482,,,,,,,,
 Account Receivable & Prepayments ,481201548,HUSSEIN SADEK - CA - 2023,1800.51,100,100,1800.51,,,,,,,,
 Account Receivable & Prepayments ,481202306,MUJEEB PARKER HASSAN - CA - 2133,5,0,0,5,,,,,,,,
 Account Receivable & Prepayments ,481402111,YAHIA ZAKARIYA FAHME - CA - 2021,-307.15,0,0,-307.15,,,,,,,,
 Account Receivable & Prepayments ,481502923,MAHMOUD HAMADA YOUSEEF - CA - 2078,-260,0,0,-260,,,,,,,,
 Account Receivable & Prepayments ,481701353,MOHAMAD ABD AL AZEEM - CA - 2055,20,0,0,20,,,,,,,,
 Account Receivable & Prepayments ,481702675,EMAD ALI MOHAMED IBRAHIM - CA - 2210,1.57,162,162,1.57,,,,,,,,
 Account Receivable & Prepayments ,490902084,Rohan Chaminda Werasekara Dindubabduge - CA - 2150,1.41,0,0,1.41,,,,,,,,
 Account Receivable & Prepayments ,492602317,RAGEH OSMAN MOHAMD FADEL - CA - 2239,1.76,0,0,1.76,,,,,,,,
 Account Receivable & Prepayments ,522204694,HAMDI RADWAN - WHS - 4033,-9.4,0,0,-9.4,,,,,,,,
 Account Receivable & Prepayments ,522502791,ZULFIQAR ALI HUSSAIN ASHIQ - WHS - 4030,1009.43,0,10,999.43,,,,,,,,
 Account Receivable & Prepayments ,522602621,ADEEL KAMES ABDUSALAM - WHS - 4009,-4.3,0,0,-4.3,,,,,,,,
 Account Receivable & Prepayments ,530901988,ANWAR ABDEL HADE - WHS - 3007,17,0,0,17,,,,,,,,
 Account Receivable & Prepayments ,531603465,SHENAMADY BASHER MOH - WHS - 4007,-3816,0,0,-3816,,,,,,,,
 Account Receivable & Prepayments ,560114109,EJAZ TAHIR SANGE - WHS - 4053,12,0,0,12,,,,,,,,
 Account Receivable & Prepayments ,570402103,GADDAM VITTAL DAS - WHS - 4056,-99.1,0,0,-99.1,,,,,,,,
 Account Receivable & Prepayments ,582701929,MAJEED DAWOOD ALEKAR - WHS - 4032,171,0,0,171,,,,,,,,
 Account Receivable & Prepayments ,583102392,MOSTAFA MAHDY - WHS - 4022,44.444,0,0,44.444,,,,,,,,
 Account Receivable & Prepayments ,592801307,MOTAMED ELSAYED MOHAMED MOHAMED -CPD - 2247,-88.52,0,0,-88.52,,,,,,,,
 Account Receivable & Prepayments ,592801315,GHAREEB ALSAYED MAHMOUD MURSI ABU ALELA  - 3020,100,0,0,100,,,,,,,,
 Account Receivable & Prepayments ,592801323,RONNIE NALAM - 2280,1.01,0,0,1.01,,,,,,,,
 Account Receivable & Prepayments ,592801330,RUSSEL FRANCISCO  - 2279,0.4,0,0,0.4,,,,,,,,
 Account Receivable & Prepayments ,592801332,JAMAL ABDOH KAREEM MOHAMMAD  - 2289,-140,0,0,-140,,,,,,,,
 Account Receivable & Prepayments ,592801334,SANJAY KUMAR NIRMAL ASHRAFI LAL  - 2303,-0.004,0,0,-0.004,,,,,,,,
 Account Receivable & Prepayments ,592801337,WAEL ABDULMOHSEN ABDULKAREEM AMMAR  - 2305,-0.09,168,168,-0.09,,,,,,,,
 Account Receivable & Prepayments ,592801339,ABDUL JABBAR KUNHALAKATH CHERIYABAVA - 2360,-99.2,0,0,-99.2,,,,,,,,
 Account Receivable & Prepayments ,592801340,NISHAD MANDALI KUNDIL - 2367,-199.54,0,0,-199.54,,,,,,,,
 Account Receivable & Prepayments ,592801343,SAJJAD NASRUDDIN ISMIL WALELY  - 4068,-25,0,0,-25,,,,,,,,
 Account Receivable & Prepayments ,592801345,PAULO TABASA - 2266,-199.29,0,0,-199.29,,,,,,,,
 Account Receivable & Prepayments ,592801354,RAMADHAN ALSHERBEENI RAMADHAN MOHAMMAD -2343,1247.88,0,0,1247.88,,,,,,,,
 Account Receivable & Prepayments ,592801361,JAIGEE JOHN 4089,75.666,0,0,75.666,,,,,,,,
 Account Receivable & Prepayments ,592801368,SIKANDAR TAJUDDIN HALDE  - 2320,0.19,0,0,0.19,,,,,,,,
 Account Receivable & Prepayments ,592801369,RAFI SYED SYED JAFAR - 4079,-30.654,0,0,-30.654,,,,,,,,
 Account Receivable & Prepayments ,592801371,ALI ABDULJAWAD ALI MOHAMMAD - 2378,-75,75,75,-75,,,,,,,,
 Account Receivable & Prepayments ,592801372,KESAV LAL KALAL  - 4070,0,0,5,-5,,,,,,,,
 Account Receivable & Prepayments ,592801380,MOHAMED SAIED HAMADY SAIED-2356,-110,0,0,-110,,,,,,,,
 Account Receivable & Prepayments ,592801384,Mostafa Ibrahim Mursi Ata - 2370,35,0,0,35,,,,,,,,
 Account Receivable & Prepayments ,592801385,Shabeer Kunnumpurath - 2393,-84.9,0,0,-84.9,,,,,,,,
 Account Receivable & Prepayments ,592801388,Shehata Shawky Mohamed Yossef  - 2374,-218.79,140.49,140.49,-218.79,,,,,,,,
 Account Receivable & Prepayments ,592801397,Mohamedu Illiyas  - 2357,-112,0,0,-112,,,,,,,,
 Account Receivable & Prepayments ,592801399,Veera Venkata Naga Srinu Tirumani   - 2408,-200,0,0,-200,,,,,,,,
 Account Receivable & Prepayments ,592801401,Mahmoud Ali Sadek Mahmoud  - 2404,0.81,0,0,0.81,,,,,,,,
 Account Receivable & Prepayments ,592801402,Mahmoud Mohamed Abdelkader Kwatin  - 2388,-35,0,0,-35,,,,,,,,
 Account Receivable & Prepayments ,592801403,Ibrahim Abdelmoniem Ibrahim Abdelnaeim  - 2391,-150,0,0,-150,,,,,,,,
 Account Receivable & Prepayments ,592801406,NAMEEM KHAN - CA - 2001342,-163.171,0,0,-163.171,,,,,,,,
 Account Receivable & Prepayments ,592801407,Aly Eyd Milad Mabrouk  - 4085,8.616,0,0,8.616,,,,,,,,
 Account Receivable & Prepayments ,592801409,Ramya Hemanth Kumar  - 4099,3,0,0,3,,,,,,,,
 Account Receivable & Prepayments ,592801413,Khaled Mahmoud Ahmed Abdalla  - 2405,0,0,46,-46,,,,,,,,
 Account Receivable & Prepayments ,592801414,Saidalavi Pullathiyil  - 2382,-104.5,0,0,-104.5,,,,,,,,
 Account Receivable & Prepayments ,592801418,Ashley D Souza - 2001362,-56.27,0,0,-56.27,,,,,,,,
 Account Receivable & Prepayments ,592801425,Hani Mohamed Elsayed Elshahawy - 2399,-109.01,100,0,-9.01,,,,,,,,
 Account Receivable & Prepayments ,592801427,Farah A Kh Khdair - 2001397,175,0,0,175,,,,,,,,
 Account Receivable & Prepayments ,592801428,HANI RAMADAN MAHMOUD AMIN - 2387,50.24,0,0,50.24,,,,,,,,
 Account Receivable & Prepayments ,592801429,EYOUN AHMED MOHAMED SAYED- 2001353,2.58,0,0,2.58,,,,,,,,
 Account Receivable & Prepayments ,592801432,SURYAVANSHI AALOK PRIYADARSHI DENISH - 2001004,0.001,0,0,0.001,,,,,,,,
 Account Receivable & Prepayments ,592801437,Saadoun Hashem Kayed Abbasi - 2001414,1000,1000,2000,0,,,,,,,,
 Account Receivable & Prepayments ,592801447,Hasan Salah Ahmed Faragallah - 2001356,0.48,0,0,0.48,,,,,,,,
 Account Receivable & Prepayments ,592801449,Mohamed Ali Hussain Kahil - 2001426 (c/o bassem),2019.231,2000,4000,19.231,,,,,,,,
 Account Receivable & Prepayments ,592801450,Yahya Asakereh - 2001357,-329.9,0,0,-329.9,,,,,,,,
 Account Receivable & Prepayments ,592801455,Dalya Ashraf Mokhtar Madyan  2001392,114.999,0,0,114.999,,,,,,,,
 Account Receivable & Prepayments ,592801458,George Victor Salloum - 2001413,0,372.62,372.62,0,,,,,,,,
 Account Receivable & Prepayments ,592801460,SANESH SIVAN - 2001339,450,0,0,450,,,,,,,,
 Account Receivable & Prepayments ,592801462,BADER SULTAN,1179.997,0,0,1179.997,,,,,,,,
 Account Receivable & Prepayments ,592801466,ABDUL HAFEEZ KHDAIR 94095452 ROUTER,279.993,0,0,279.993,,,,,,,,
 Account Receivable & Prepayments ,592801467,RAJU N SUNKARA 97549160 ROUTER,237.6,0,0,237.6,,,,,,,,
 Account Receivable & Prepayments ,592801468,PIERRE E FARES - 2001372,0.002,0,0,0.002,,,,,,,,
 Account Receivable & Prepayments ,592801470,Mahmoud Musthafa Abdul Majid  - 2001315,-39.558,0,27.778,-67.336,,,,,,,,
 Account Receivable & Prepayments ,592801471,Mahmoud Kamal Mahmoud Abdelbaki 2001409,140,0,0,140,,,,,,,,
 Account Receivable & Prepayments ,592801472,Alaa Mohamad Thalaj Supply Chain 2001447,45,0,45,0,,,,,,,,
 Account Receivable & Prepayments ,592801474,Nada Samir Abdelhamid Attallah FSD 2001404,105,105,210,0,,,,,,,,
 Account Receivable & Prepayments ,592801475,Ayman Rabiei Abdalla Mohamed 2001359,-90,0,0,-90,,,,,,,,
 Account Receivable & Prepayments ,592801477,Mohammad Ali Subhi - 2001361,-57.544,0,0,-57.544,,,,,,,,
 Account Receivable & Prepayments ,592801480,Mostafa Ahmed Mahmoud Abbas - 2001436,-96,0,0,-96,,,,,,,,
 Account Receivable & Prepayments ,592801484,Denuwan Priyashanka - 2001382,-162,0,0,-162,,,,,,,,
 Account Receivable & Prepayments ,592801485,Mizan Din Islam - 2001448,-27,0,0,-27,,,,,,,,
 Account Receivable & Prepayments ,592801487,Mohammed Moutaz Costantini 2001005,8370.004,0,250,8120.004,,,,,,,,
 Account Receivable & Prepayments ,592801493,Mahmoud Mohamed Ibrahim Ahmad - 2001280,22.226,0,0,22.226,,,,,,,,
 Account Receivable & Prepayments ,592801495,Shaaban Sabra Hussein Hassan - 2001454,-146,0,0,-146,,,,,,,,
 Account Receivable & Prepayments ,592801498,Aries Minor Alvaro - 2001408,-80,0,0,-80,,,,,,,,
 Account Receivable & Prepayments ,592801499,Nisar Nilayaduth - 2001419,0,0,339.51,-339.51,,,,,,,,
 Account Receivable & Prepayments ,592801502,Anwar Aossain Ali Azzam - 2001561,-30,0,0,-30,,,,,,,,
 Account Receivable & Prepayments ,592801506,Gangadhar  Janga Mallaiah -2001566,-100,0,0,-100,,,,,,,,
 Account Receivable & Prepayments ,592801508,ElHassan Mohamed Kamel Mohamed - 2001472,-35,0,0,-35,,,,,,,,
 Account Receivable & Prepayments ,592801509,Erwin Yanto Guevarra - 2001503,-100,0,0,-100,,,,,,,,
 Account Receivable & Prepayments ,592801510,Ramadan Adel Hassan Ahmed - 2001483,-15,0,0,-15,,,,,,,,
 Account Receivable & Prepayments ,592801511,Ahmed Awadalla Abduo Abdelrady - 2001595,-26.85,0,0,-26.85,,,,,,,,
 Account Receivable & Prepayments ,592801512,MAHMOUD ABDUL MAJEED - 2001324,-100,0,0,-100,,,,,,,,
 Account Receivable & Prepayments ,592801513,Mahmoud Mohamed Mahmoud Mansour - 2001500,0,148,148,0,,,,,,,,
 Account Receivable & Prepayments ,592801515,Rashwan Abdelgawwad Mohamed Rashwan -  2001567,-134,0,0,-134,,,,,,,,
 Account Receivable & Prepayments ,592801517,MOSTAFA IBRAHIM MURSI ATA - 2001274,-70,0,0,-70,,,,,,,,
 Account Receivable & Prepayments ,592801518,Ahmed Hamdy Fathy Hassan - 2001578,25,0,20,5,,,,,,,,
 Account Receivable & Prepayments ,592801520,Yaser Azab A A Algarhi - 2001576,-214,0,0,-214,,,,,,,,
 Account Receivable & Prepayments ,592801521,Rohit Kalal - 2001513,-100,0,0,-100,,,,,,,,
 Account Receivable & Prepayments ,592801522,Hossam Assem Khattab Mohamed - 2001562,-35,0,0,-35,,,,,,,,
 Account Receivable & Prepayments ,592801523,Eslam Abdelnaser Mohamed Elsoghair  -2001479,0,65,65,0,,,,,,,,
 Account Receivable & Prepayments ,592801525,MAHAMMED I SHAIK  - 2001613,-10,0,176.8,-186.8,,,,,,,,
 Account Receivable & Prepayments ,592801527,Mahmmad Ismail Shaikh - 2001613,5,0,0,5,,,,,,,,
 Account Receivable & Prepayments ,592801528,Abdul Raheem Jad Abdul Radi - 2001592,100,0,0,100,,,,,,,,
 Account Receivable & Prepayments ,592801529,Hany Ibrahim Mahmoud Ibrahim - 2001581,-166,0,0,-166,,,,,,,,
 Account Receivable & Prepayments ,592801530,Ronald Suliva Zubiri - 2001620,-8.461,0,0,-8.461,,,,,,,,
 Account Receivable & Prepayments ,592801531,Nazih Ibrahim Kotb Ibrahim - 2001621,-18.269,0,0,-18.269,,,,,,,,
 Account Receivable & Prepayments ,592801532,Ghezel Ghalib Hashim - 2001602,-199.17,0,0,-199.17,,,,,,,,
 Account Receivable & Prepayments ,592801533,Ahmed Abdelhamid Attaya  - 2001591,-138,0,0,-138,,,,,,,,
 Account Receivable & Prepayments ,592801534,Mahmoud Ahmed Salem Zaidan - 2001593,-138,0,0,-138,,,,,,,,
 Account Receivable & Prepayments ,592801535,Biju Sankunni  Sankunni - 2001574,-164,0,0,-164,,,,,,,,
 Account Receivable & Prepayments ,592801536,Karam Kamal Abdellatif Mohamed Selim - 2001619,-100,0,0,-100,,,,,,,,
 Account Receivable & Prepayments ,592801538,Mohamed Abouelseoud Khairy Tawhid - 2001609,-35,0,0,-35,,,,,,,,
 Inventories ,11140101,INVENTORY,1023189.536,509203.599,546396.59,985996.545,,,,,,,,
 Inventories ,11140102,Delivery Note But Not Invoice,-366.945,445314.288,445314.39,-367.047,,,,,,,,
 Inventories ,11140103,CUSTOM CHARGES,-2887.286,8289.34,10887.24,-5485.186,,,,,,,,
 Inventories ,11140104,Clearing Expenses,11718.136,7284.682,7758.252,11244.566,,,,,,,,
 Inventories ,11140108,FRIGHT CHARGES,-283.177,2563.359,4053.385,-1773.203,,,,,,,,
 Inventories ,11140109,INVENTORY PACKING,-9648.622,9293.622,10156.372,-10511.372,,,,,,,,
 Account payables and accruals ,11140112,DEMURRAGE-PORT/LINE,-73,0,0,-73,,,,,,,,
 Inventories ,11140113,BANK CHARGE(L/C&POLICIES),7328.478,967,276.82,8018.658,,,,,,,,
 Inventories ,11140114,INSURANCE CHARG,-22163.912,0,699.888,-22863.8,,,,,,,,
 Account payables and accruals ,11140115,UNLODING CHARG,-105.667,0,0,-105.667,,,,,,,,
 Account payables and accruals ,11140117,UNPALETE CONTAINER,-126.682,0,0,-126.682,,,,,,,,
 Account Receivable & Prepayments ,11140118,UNPALETE - FERRERO,-0.002,0,0,-0.002,,,,,,,,
 Account Receivable & Prepayments ,11140120,STOCK TAKE DIFFERENCES ( VSM - MAIN,-68.592,0,0,-68.592,,,,,,,,
 Inventories ,11140121,PROVISION FOR STOCK - CA,-46499.582,0,0,-46499.582,,,,,,,,
 Inventories ,11140122,PROVISION FOR STOCK - FSD,-40732.466,0,0,-40732.466,,,,,,,,
 Inventories ,11140201,GOODS IN TRANSIT,10237.115,467604.889,477842.473,-0.469,,,,,,,,
 Property  and equipments ,11210101,BUILDING & WAREHOUSING,938115.42,0,0,938115.42,,,,,,,,
 Property  and equipments ,11210102,CARS,662889.86,45000,0,707889.86,,,,,,,,
 Property  and equipments ,11210103,FURNITURES,420903.17,0,0,420903.17,,,,,,,,
 Property  and equipments ,11210104,OFFICE EQUIPMENTS,645347.262,0,0,645347.262,,,,,,,,
 Property  and equipments ,11210105,COMPUTERS,280168.15,0,0,280168.15,,,,,,,,
 Property  and equipments ,11210106,MACHINARY,-0.12,0,0,-0.12,,,,,,,,
 Account Receivable & Prepayments ,11210107,WORK IN PROGRESS,35000,0,0,35000,,,,,,,,
 Property  and equipments ,11210108,LEASE HOLD LAND,608400,0,0,608400,,,,,,,,
 Property  and equipments ,11210301,ACCUMULATED DEPRECIATION ON BUILDING AND WAREHOUSE,-938116.618,0,0,-938116.618,,,,,,,,
 Property  and equipments ,11210302,ACCUMULATED  DEPRECIATION ON CARS,-650556.508,0,1249.396,-651805.904,,,,,,,,
 Property  and equipments ,11210303,ACCUMULATED DEPRECIATION ON FURNITURE,-418290.04,0,0,-418290.04,,,,,,,,
 Property  and equipments ,11210304,ACCUMULATED DEPRECIATION ON OFFICE EQUIPMENTS,-549293.282,0,6547.332,-555840.614,,,,,,,,
 Property  and equipments ,11210305,ACCUMULATED DEPRECIATON ON COMPUTERS,-275658.402,0,459.917,-276118.319,,,,,,,,
 Property  and equipments ,11210306,ACCUMULATED DEPRECIATION ON MACHINARY,0.214,0,0,0.214,,,,,,,,
 Loan to Relate Party ,11220101,LONG TERM INVESTMENT - GOODLIFE,121232.1,0,0,121232.1,,,,,,,,
 Loan to Relate Party ,11220102,LONG TERM INVESTMENT - FERGULF KUWAIT,304031,0,0,304031,,,,,,,,
 Loan to Relate Party ,11220103,LONG TERM INVESTMENT - BRAND AID,141473,0,0,141473,,,,,,,,
 Account payables and accruals ,22120101,SUPPLIERS,-106614.825,730999.205,788466.689,-164082.309,,,,,,,,
 Account payables and accruals ,22120103,SUPPLIERS A&P - BK POT,0.178,0,0,0.178,,,,,,,,
 Account payables and accruals ,22220019,PROVISION FOR OSD 2014 FWD,-12123.209,0,0,-12123.209,,,,,,,,
 Account payables and accruals ,22220034,PROVISION - REBATE 2015,11428.2,0,0,11428.2,,,,,,,,
 Account payables and accruals ,22220035,PROVISION - RENTAL 2015,-59503.425,0,0,-59503.425,,,,,,,,
 Account payables and accruals ,22220036,PROVISION - RENTAL 2018,-18222.418,0,0,-18222.418,,,,,,,,
 Account payables and accruals ,22220037,PROVISION - REBATE 2018,-2671.871,0,0,-2671.871,,,,,,,,
 Account payables and accruals ,22220038,PROVISION - REBATE 2019,-2441.189,0,0,-2441.189,,,,,,,,
 Account payables and accruals ,22220039,PROVISION - RENTAL 2019,-10979.645,0,0,-10979.645,,,,,,,,
 Employees end of service benefits ,22220101,PROVISIONS FOR ENDEMNETY,-797255.931,2022,9166.444,-804400.375,,,,,,,,
 Account payables and accruals ,22220102,PROVISIONS FOR LEAVE,-174789.702,14700.029,10179.714,-170269.387,,,,,,,,
 Account payables and accruals ,22220103,PROVISIONS FOR AIR TICKET,-177032.841,3520,4218.5,-177731.341,,,,,,,,
 Account payables and accruals ,22220228,PROVISION FOR MARKET SPENDS,-23.866,0,0,-23.866,,,,,,,,
 Account payables and accruals ,22220229,SUPPLIER CLAIMS (DEBIT NOTES) - TRADE CLAIMS,31718.99,25016,31016.67,25718.32,,,,,,,,
 Account payables and accruals ,22220230,PROVISION A&P 2020,-9494.457,0,0,-9494.457,,,,,,,,
 Account payables and accruals ,22220233,PROVISION FOR A&P 2021,-57327.019,0,0,-57327.019,,,,,,,,
 Account payables and accruals ,22220234,PROVISION FOR A&P 2022,-89428.258,0,0,-89428.258,,,,,,,,
 Account payables and accruals ,22220235,PROVISION FOR A&P 2023,-30886.056,7383,0,-23503.056,,,,,,,,
 Account payables and accruals ,22220236,KITCHEN TREASURE POOL A/C,4074.517,0,444,3630.517,,,,,,,,
 Account payables and accruals ,22220237,PROVISION FOR A&P 2024,-89000,8000,0,-81000,,,,,,,,
 Account payables and accruals ,22220238,PROVISION FOR A&P 2024 - FSD FERRERO,-22437,0,1437,-23874,,,,,,,,
 Account payables and accruals ,22229999,PROVISION A&P GENERAL,0,0,2682.266,-2682.266,,,,,,,,
 Statutory Reserve ,22220201,STATUTARY RESERVE,-781105.57,0,0,-781105.57,,,,,,,,
 General Reserve ,22220202,VOLUNTARY RESERVE,-626133.57,0,0,-626133.57,,,,,,,,
 Fair Value Reserve ,22220203,FAIR VALUE RESERVE,-49031,0,0,-49031,,,,,,,,
 Account payables and accruals ,22230101,PROVISION FOR EXPENSES,-109076.866,0,0,-109076.866,,,,,,,,
 Account payables and accruals ,22230104,ACCRUED INCOME,24996,5080,0,30076,,,,,,,,
 Account payables and accruals ,22230105,PROVISION FOR EXPENSE 2020,-308625.35,0,0,-308625.35,,,,,,,,
 Account payables and accruals ,22230106,PROVISION FOR EXPENSE 2022,-43792.871,0,0,-43792.871,,,,,,,,
 Account payables and accruals ,22230107,PROVISION FOR EXPENSE 2023,-471076.295,38886.681,79048.901,-511238.515,,,,,,,,
 Share Capital ,33220101,SHARE CAPITAL,-1000000,0,0,-1000000,,,,,,,,
 Loan to Relate Party ,33220103,T I H PARTNERS CURRENT ACCOUNT,18495.774,70,15700.371,2865.403,,,,,,,,
 Retained earnings ,33330103,RETAINED EARNINGS,-1290892.302,0,0,-1290892.302,,,,,,,,
 Account payables and accruals ,99990101,SUSPENSE ACCOUNT (PAYMENT),480.96,12355.367,12355.368,480.959,,,,,,,,
 Inventories ,99990103,SUSPENSE ACCOUNT (STOCK),0,2.05,2.05,0,,,,,,,,
 Control A/c ,99990104,CONTROL CUSTOMERS DR/CR,55001.345,67062.386,57907.652,64156.079,,,,,,,,
 Account payables and accruals ,99990107,KFH CO-OPS COLLECTION,6747.172,0,6747.172,0,,,,,,,,
 Account payables and accruals ,99990108,KFH CO-OPS COLLECTION SUSPENSE,521.994,240255.863,240255.863,521.994,,,,,,,,
 Account payables and accruals ,99990109,KFH DEDUCTION,0,29577.673,29577.673,0,,,,,,,,
 -   ,,,,,,,,,,,,,,
 -   ,,,,,,,,,,,,,,
 -   ,,,,,,,,,,,,,,
 -   ,,,,,,,,,,,,,,
 -   ,,,,,,,,,,,,,,
 -   ,,,,,,,,,,,,,,
 -   ,,,,,,,,,,,,,,
 -   ,,,,,,,,,,,,,,
 -   ,,,,,,,,,,,,,,
 -   ,,,,,,,,,,,,,,
 -   ,,,,,,,,,,,,,,
 -   ,,,,,,,,,,,,,,
 -   ,,,,,,,,,,,,,,
 -   ,,,,,,,,,,,,,,
 -   ,,,,,,,,,,,,,,
 -   ,,,,,,,,,,,,,,
 -   ,,,,,,,,,,,,,,
 -   ,,,,,,,,,,,,,,
 -   ,,,,,,,,,,,,,,
 -   ,,,,,,,,,,,,,,
 -   ,,,,,,,,,,,,,,
 -   ,,,,,,,,,,,,,,
 -   ,,,,,,,,,,,,,,
 -   ,,,,,,,,,,,,,,
 -   ,,,,,,,,,,,,,,
 -   ,,,,,,,,,,,,,,
 -   ,,,,,,,,,,,,,,
 -   ,,,,,,,,,,,,,,
 -   ,,,,,,,,,,,,,,
 -   ,,,,,,,,,,,,,,
 -   ,,,,,,,,,,,,,,
 -   ,,,,,,,,,,,,,,
 -   ,,,,,,,,,,,,,,
 -   ,,,,,,,,,,,,,,
 -   ,,,,,,,,,,,,,,
 -   ,,,,,,,,,,,,,,
 -   ,,,,,,,,,,,,,,
 -   ,,,,,,,,,,,,,,
 -   ,,,,,,,,,,,,,,
 -   ,,,,,,,,,,,,,,
 -   ,,,,,,,,,,,,,,
 -   ,,,,,,,,,,,,,,
 -   ,,,,,,,,,,,,,,
 -   ,,,,,,,,,,,,,,
 -   ,,,,,,,,,,,,,,
 -   ,,,,,,,,,,,,,,
 -   ,,,,,,,,,,,,,,
 -   ,,,,,,,,,,,,,,
 -   ,,,,,,,,,,,,,,
 -   ,,,,,,,,,,,,,,
 -   ,,,,,,,,,,,,,,
 -   ,,,,,,,,,,,,,,
 -   ,,,,,,,,,,,,,,
 -   ,,,,,,,,,,,,,,
 -   ,,,,,,,,,,,,,,
 -   ,,,,,,,,,,,,,,
 -   ,,,,,,,,,,,,,,
 -   ,,,,,,,,,,,,,,
 -   ,,,,,,,,,,,,,,
 -   ,,,,,,,,,,,,,,
 -   ,,,,,,,,,,,,,,
 -   ,,,,,,,,,,,,,,
 -   ,,,,,,,,,,,,,,
 -   ,,,,,,,,,,,,,,
 -   ,,,,,,,,,,,,,,
 -   ,,,,,,,,,,,,,,
 -   ,,,,,,,,,,,,,,
 -   ,,,,,,,,,,,,,,
 -   ,,,,,,,,,,,,,,
 -   ,,,,,,,,,,,,,,
 -   ,,,,,,,,,,,,,,
 -   ,,,,,,,,,,,,,,
 -   ,,,,,,,,,,,,,,
 -   ,,,,,,,,,,,,,,
 -   ,,,,,,,,,,,,,,
 -   ,,,,,,,,,,,,,,
 -   ,,,,,,,,,,,,,,
 -   ,,,,,,,,,,,,,,
 -   ,,,,,,,,,,,,,,
 -   ,,,,,,,,,,,,,,
 -   ,,,,,,,,,,,,,,
 -   ,,,,,,,,,,,,,,
 -   ,,,,,,,,,,,,,,
 -   ,,,,,,,,,,,,,,
 -   ,,,,,,,,,,,,,,
 -   ,,,,,,,,,,,,,,
 -   ,,,,,,,,,,,,,,
 -   ,,,,,,,,,,,,,,
 -   ,,,,,,,,,,,,,,
 -   ,,,,,,,,,,,,,,
 -   ,,,,,,,,,,,,,,
 -   ,,,,,,,,,,,,,,
 -   ,,,,,,,,,,,,,,
 -   ,,,,,,,,,,,,,,
 -   ,,,,,,,,,,,,,,
 -   ,,,,,,,,,,,,,,
 -   ,,,,,,,,,,,,,,
 -   ,,,,,,,,,,,,,,
 -   ,,,,,,,,,,,,,,
 -   ,,,,,,,,,,,,,,
 -   ,,,,,,,,,,,,,,
 -   ,,,,,,,,,,,,,,
 -   ,,,,,,,,,,,,,,
 -   ,,,,,,,,,,,,,,
 -   ,,,,,,,,,,,,,,
 -   ,,,,,,,,,,,,,,
 -   ,,,,,,,,,,,,,,
 -   ,,,,,,,,,,,,,,
 -   ,,,,,,,,,,,,,,
 -   ,,,,,,,,,,,,,,
 -   ,,,,,,,,,,,,,,
 -   ,,,,,,,,,,,,,,
 -   ,,,,,,,,,,,,,,
 -   ,,,,,,,,,,,,,,
 -   ,,,,,,,,,,,,,,
 -   ,,,,,,,,,,,,,,
 -   ,,,,,,,,,,,,,,
 -   ,,,,,,,,,,,,,,
 -   ,,,,,,,,,,,,,,
 -   ,,,,,,,,,,,,,,
 -   ,,,,,,,,,,,,,,
 -   ,,,,,,,,,,,,,,
 -   ,,,,,,,,,,,,,,
 -   ,,,,,,,,,,,,,,
 -   ,,,,,,,,,,,,,,
 -   ,,,,,,,,,,,,,,
 -   ,,,,,,,,,,,,,,
 -   ,,,,,,,,,,,,,,
 -   ,,,,,,,,,,,,,,
 -   ,,,,,,,,,,,,,,
 -   ,,,,,,,,,,,,,,
 -   ,,,,,,,,,,,,,,
 -   ,,,,,,,,,,,,,,
 -   ,,,,,,,,,,,,,,
 -   ,,,,,,,,,,,,,,
 -   ,,,,,,,,,,,,,,
 -   ,,,,,,,,,,,,,,
 -   ,,,,,,,,,,,,,,
 -   ,,,,,,,,,,,,,,
 -   ,,,,,,,,,,,,,,
 -   ,,,,,,,,,,,,,,
 -   ,,,,,,,,,,,,,,
 -   ,,,,,,,,,,,,,,
 -   ,,,,,,,,,,,,,,
 -   ,,,,,,,,,,,,,,
 -   ,,,,,,,,,,,,,,
 -   ,,,,,,,,,,,,,,
 -   ,,,,,,,,,,,,,,
 -   ,,,,,,,,,,,,,,
 -   ,,,,,,,,,,,,,,
 -   ,,,,,,,,,,,,,,
 -   ,,,,,,,,,,,,,,
 -   ,,,,,,,,,,,,,,
 -   ,,,,,,,,,,,,,,
 -   ,,,,,,,,,,,,,,
 -   ,,,,,,,,,,,,,,
 -   ,,,,,,,,,,,,,,
 -   ,,,,,,,,,,,,,,
 -   ,,,,,,,,,,,,,,
 -   ,,,,,,,,,,,,,,
 -   ,,,,,,,,,,,,,,
 -   ,,,,,,,,,,,,,,
 -   ,,,,,,,,,,,,,,
 -   ,,,,,,,,,,,,,,
 -   ,,,,,,,,,,,,,,
 -   ,,,,,,,,,,,,,,
 -   ,,,,,,,,,,,,,,
 -   ,,,,,,,,,,,,,,
 -   ,,,,,,,,,,,,,,
 -   ,,,,,,,,,,,,,,
 -   ,,,,,,,,,,,,,,
 -   ,,,,,,,,,,,,,,
 -   ,,,,,,,,,,,,,,
 -   ,,,,,,,,,,,,,,
 -   ,,,,,,,,,,,,,,
 -   ,,,,,,,,,,,,,,
 -   ,,,,,,,,,,,,,,
 -   ,,,,,,,,,,,,,,
 -   ,,,,,,,#REF!,,,,,,,
 -   ,,,,,,,,,,,,,,
 -   ,,,,,,,,,,,,,,
 -   ,,,,,,,,,,,,,,
 -   ,,,,,,,,,,,,,,
 -   ,,,,,,,,,,,,,,
 -   ,,,,,,,,,,,,,,
 -   ,,,,,,,,,,,,,,
 -   ,,,,,,,,,,,,,,
 -   ,,,,,,,,,,,,,,
 -   ,,,,,,,,,,,,,,
 -   ,,,,,,,,,,,,,,
 -   ,,,,,,,,,,,,,,
 -   ,,,,,,,,,,,,,,
 -   ,,,,,,,,,,,,,,
 -   ,,,,,,,,,,,,,,
 -   ,,,,,,,,,,,,,,
 -   ,,,,,,,,,,,,,,
 -   ,,,,,,,,,,,,,,
 -   ,,,,,,,,,,,,,,
 -   ,,,,,,,,,,,,,,
 -   ,,,,,,,,,,,,,,
 -   ,,,,,,,,,,,,,,
 -   ,,,,,,,,,,,,,,
 -   ,,,,,,,,,,,,,,
 -   ,,,,,,,,,,,,,,
 -   ,,,,,,,,,,,,,,
 -   ,,,,,,,,,,,,,,
 -   ,,,,,,,,,,,,,,
 -   ,,,,,,,,,,,,,,
 -   ,,,,,,,,,,,,,,
 -   ,,,,,,,,,,,,,,
 -   ,,,,,,,,,,,,,,
 -   ,,,,,,,,,,,,,,
 -   ,,,,,,,,,,,,,,
 -   ,,,,,,,,,,,,,,
 -   ,,,,,,,,,,,,,,
 -   ,,,,,,,,,,,,,,
 -   ,,,,,,,,,,,,,,
 -   ,,,,,,,,,,,,,,
 -   ,,,,,,,,,,,,,,
 -   ,,,,,,,,,,,,,,
 -   ,,,,,,,,,,,,,,
 -   ,,,,,,,,,,,,,,
 -   ,,,,,,,,,,,,,,
 -   ,,,,,,,,,,,,,,
 -   ,,,,,,,,,,,,,,
 -   ,,,,,,,,,,,,,,
 -   ,,,,,,,,,,,,,,
 -   ,,,,,,,,,,,,,,
 -   ,,,,,,,,,,,,,,
 -   ,,,,,,,,,,,,,,
 -   ,,,,,,,,,,,,,,
 -   ,,,,,,,,,,,,,,
 -   ,,,,,,,,,,,,,,
 -   ,,,,,,,,,,,,,,
 -   ,,,,,,,,,,,,,,
 -   ,,,,,,,,,,,,,,
 -   ,,,,,,,,,,,,,,
 -   ,,,,,,,,,,,,,,
 -   ,,,,,,,,,,,,,,
 -   ,,,,,,,,,,,,,,
 -   ,,,,,,,,,,,,,,
 -   ,,,,,,,,,,,,,,
 -   ,,,,,,,,,,,,,,
 -   ,,,,,,,,,,,,,,
 -   ,,,,,,,,,,,,,,
 -   ,,,,,,,,,,,,,,
 -   ,,,,,,,,,,,,,,
 -   ,,,,,,,,,,,,,,
 -   ,,,,,,,,,,,,,,
 -   ,,,,,,,,,,,,,,
 -   ,,,,,,,,,,,,,,
 -   ,,,,,,,,,,,,,,
 -   ,,,,,,,,,,,,,,
 -   ,,,,,,,,,,,,,,
 -   ,,,,,,,,,,,,,,
 -   ,,,,,,,,,,,,,,
 -   ,,,,,,,,,,,,,,
 -   ,,,,,,,,,,,,,,
 -   ,,,,,,,,,,,,,,
 -   ,,,,,,,,,,,,,,
 -   ,,,,,,,,,,,,,,
 -   ,,,,,,,,,,,,,,
 -   ,,,,,,,,,,,,,,
 -   ,,,,,,,,,,,,,,
 -   ,,,,,,,,,,,,,,
 -   ,,,,,,,,,,,,,,
 -   ,,,,,,,,,,,,,,
 -   ,,,,,,,,,,,,,,
 -   ,,,,,,,,,,,,,,
 -   ,,,,,,,,,,,,,,
 -   ,,,,,,,,,,,,,,
 -   ,,,,,,,,,,,,,,
 -   ,,,,,,,,,,,,,,
 -   ,,,,,,,,,,,,,,
 -   ,,,,,,,,,,,,,,
 -   ,,,,,,,,,,,,,,
 -   ,,,,,,,,,,,,,,
 -   ,,,,,,,,,,,,,,
 -   ,,,,,,,,,,,,,,
 -   ,,,,,,,,,,,,,,
 -   ,,,,,,,,,,,,,,
 -   ,,,,,,,,,,,,,,
 -   ,,,,,,,,,,,,,,
 -   ,,,,,,,,,,,,,,
 -   ,,,,,,,,,,,,,,
 -   ,,,,,,,,,,,,,,
 -   ,,,,,,,,,,,,,,
 -   ,,,,,,,,,,,,,,
 -   ,,,,,,,,,,,,,,
 -   ,,,,,,,,,,,,,,
 -   ,,,,,,,,,,,,,,
 -   ,,,,,,,,,,,,,,
 -   ,,,,,,,,,,,,,,
 -   ,,,,,,,,,,,,,,
 -   ,,,,,,,,,,,,,,
 -   ,,,,,,,,,,,,,,
 -   ,,,,,,,,,,,,,,
 -   ,,,,,,,,,,,,,,
 -   ,,,,,,,,,,,,,,
 -   ,,,,,,,,,,,,,,
 -   ,,,,,,,,,,,,,,
 -   ,,,,,,,,,,,,,,
 -   ,,,,,,,,,,,,,,
 -   ,,,,,,,,,,,,,,
 -   ,,,,,,,,,,,,,,
 -   ,,,,,,,,,,,,,,
 -   ,,,,,,,,,,,,,,
 -   ,,,,,,,,,,,,,,
 -   ,,,,,,,,,,,,,,
 -   ,,,,,,,,,,,,,,
 -   ,,,,,,,,,,,,,,
 -   ,,,,,,,,,,,,,,
 -   ,,,,,,,,,,,,,,
 -   ,,,,,,,,,,,,,,
 -   ,,,,,,,,,,,,,,
 -   ,,,,,,,,,,,,,,
 -   ,,,,,,,,,,,,,,
 -   ,,,,,,,,,,,,,,
 -   ,,,,,,,,,,,,,,
 -   ,,,,,,,,,,,,,,
 -   ,,,,,,,,,,,,,,
 -   ,,,,,,,,,,,,,,
 -   ,,,,,,,,,,,,,,
 -   ,,,,,,,,,,,,,,
 -   ,,,,,,,,,,,,,,
 -   ,,,,,,,,,,,,,,
 -   ,,,,,,,,,,,,,,
 -   ,,,,,,,,,,,,,,
 -   ,,,,,,,,,,,,,,
 -   ,,,,,,,,,,,,,,
 -   ,,,,,,,,,,,,,,
 -   ,,,,,,,,,,,,,,
 -   ,,,,,,,,,,,,,,
 -   ,,,,,,,,,,,,,,
 -   ,,,,,,,,,,,,,,
 -   ,,,,,,,,,,,,,,
 -   ,,,,,,,,,,,,,,
 -   ,,,,,,,,,,,,,,
 -   ,,,,,,,,,,,,,,
 -   ,,,,,,,,,,,,,,
 -   ,,,,,,,,,,,,,,
 -   ,,,,,,,,,,,,,,
 -   ,,,,,,,,,,,,,,
 -   ,,,,,,,,,,,,,,
 -   ,,,,,,,,,,,,,,
 -   ,,,,,,,,,,,,,,
 -   ,,,,,,,,,,,,,,
 -   ,,,,,,,,,,,,,,
 -   ,,,,,,,,,,,,,,
 -   ,,,,,,,,,,,,,,
 -   ,,,,,,,,,,,,,,
 -   ,,,,,,,,,,,,,,
 -   ,,,,,,,,,,,,,,
 -   ,,,,,,,,,,,,,,
 -   ,,,,,,,,,,,,,,
 -   ,,,,,,,,,,,,,,
 -   ,,,,,,,,,,,,,,
 -   ,,,,,,,,,,,,,,
 -   ,,,,,,,,,,,,,,
 -   ,,,,,,,,,,,,,,
 -   ,,,,,,,,,,,,,,
 -   ,,,,,,,,,,,,,,
 -   ,,,,,,,,,,,,,,
 -   ,,,,,,,,,,,,,,
 -   ,,,,,,,,,,,,,,
 -   ,,,,,,,,,,,,,,
 -   ,,,,,,,,,,,,,,
 -   ,,,,,,,,,,,,,,
 -   ,,,,,,,,,,,,,,
 -   ,,,,,,,,,,,,,,
 -   ,,,,,,,,,,,,,,
 -   ,,,,,,,,,,,,,,
 -   ,,,,,,,,,,,,,,
 -   ,,,,,,,,,,,,,,
 -   ,,,,,,,,,,,,,,
 -   ,,,,,,,,,,,,,,
 -   ,,,,,,,,,,,,,,
 -   ,,,,,,,,,,,,,,
 -   ,,,,,,,,,,,,,,
 -   ,,,,,,,,,,,,,,
 -   ,,,,,,,,,,,,,,
 -   ,,,,,,,,,,,,,,
 -   ,,,,,,,,,,,,,,
 -   ,,,,,,,,,,,,,,
 -   ,,,,,,,,,,,,,,
 -   ,,,,,,,,,,,,,,
 -   ,,,,,,,,,,,,,,
 -   ,,,,,,,,,,,,,,
 -   ,,,,,,,,,,,,,,
 -   ,,,,,,,,,,,,,,
 -   ,,,,,,,,,,,,,,
 -   ,,,,,,,,,,,,,,
 -   ,,,,,,,,,,,,,,
 -   ,,,,,,,,,,,,,,
 -   ,,,,,,,,,,,,,,
 -   ,,,,,,,,,,,,,,
 -   ,,,,,,,,,,,,,,
 -   ,,,,,,,,,,,,,,
 -   ,,,,,,,,,,,,,,
 -   ,,,,,,,,,,,,,,
 -   ,,,,,,,,,,,,,,
 -   ,,,,,,,,,,,,,,
 -   ,,,,,,,,,,,,,,
 -   ,,,,,,,,,,,,,,
 -   ,,,,,,,,,,,,,,
 -   ,,,,,,,,,,,,,,
 -   ,,,,,,,,,,,,,,
 -   ,,,,,,,,,,,,,,
 -   ,,,,,,,,,,,,,,
 -   ,,,,,,,,,,,,,,
 -   ,,,,,,,,,,,,,,
 -   ,,,,,,,,,,,,,,
 -   ,,,,,,,,,,,,,,
 -   ,,,,,,,,,,,,,,
 -   ,,,,,,,,,,,,,,
 -   ,,,,,,,,,,,,,,
 -   ,,,,,,,,,,,,,,
 -   ,,,,,,,,,,,,,,
 -   ,,,,,,,,,,,,,,
 -   ,,,,,,,,,,,,,,
 -   ,,,,,,,,,,,,,,
 -   ,,,,,,,,,,,,,,
 -   ,,,,,,,,,,,,,,
 -   ,,,,,,,,,,,,,,
 -   ,,,,,,,,,,,,,,
 -   ,,,,,,,,,,,,,,
 -   ,,,,,,,,,,,,,,
 -   ,,,,,,,,,,,,,,
 -   ,,,,,,,,,,,,,,
 -   ,,,,,,,,,,,,,,
 -   ,,,,,,,,,,,,,,
 -   ,,,,,,,,,,,,,,
 -   ,,,,,,,,,,,,,,
 -   ,,,,,,,,,,,,,,
 -   ,,,,,,,,,,,,,,
 -   ,,,,,,,,,,,,,,
 -   ,,,,,,,,,,,,,,
 -   ,,,,,,,,,,,,,,
 -   ,,,,,,,,,,,,,,
 -   ,,,,,,,,,,,,,,
 -   ,,,,,,,,,,,,,,
 -   ,,,,,,,,,,,,,,
 -   ,,,,,,,,,,,,,,
 -   ,,,,,,,,,,,,,,
 -   ,,,,,,,,,,,,,,
 -   ,,,,,,,,,,,,,,
 -   ,,,,,,,,,,,,,,
 -   ,,,,,,,,,,,,,,
 -   ,,,,,,,,,,,,,,
 -   ,,,,,,,,,,,,,,
 -   ,,,,,,,,,,,,,,
 -   ,,,,,,,,,,,,,,
 -   ,,,,,,,,,,,,,,
 -   ,,,,,,,,,,,,,,
 -   ,,,,,,,,,,,,,,
 -   ,,,,,,,,,,,,,,
 -   ,,,,,,,,,,,,,,
 -   ,,,,,,,,,,,,,,
 -   ,,,,,,,,,,,,,,
 -   ,,,,,,,,,,,,,,
 -   ,,,,,,,,,,,,,,
 -   ,,,,,,,,,,,,,,
 -   ,,,,,,,,,,,,,,
,,,,,,,,,,,,,,
,,,,,,,,,,,,,,
,,,,,,,,,,,,,,
,,,,,,,,,,,,,,
,,,,,,,,,,,,,,
,,,,,,,,,,,,,,
,,,,,,,,,,,,,,
,,,,,,,,,,,,,,
,,,,,,,,,,,,,,
,,,,,,,,,,,,,,
,,,,,,,,,,,,,,
,,,,,,,,,,,,,,
,,,,,,,,,,,,,,
,,,,,,,,,,,,,,
,,,,,,,,,,,,,,
,,,,,,,,,,,,,,
,,,,,,,,,,,,,,
,,,,,,,,,,,,,,
,,,,,,,,,,,,,,
,,,,,,,,,,,,,,
,,,,,,,,,,,,,,
,,,,,,,,,,,,,,
,,,,,,,,,,,,,,
,,,,,,,,,,,,,,
,,,,,,,,,,,,,,
,,,,,,,,,,,,,,
,,,,,,,,,,,,,,
,,,,,,,,,,,,,,
,,,,,,,,,,,,,,
,,,,,,,,,,,,,,
,,,,,,,,,,,,,,
,,,,,,,,,,,,,,
,,,,,,,,,,,,,,
,,,,,,,,,,,,,,
,,,,,,,,,,,,,,
,,,,,,,,,,,,,,
,,,,,,,,,,,,,,
,,,,,,,,,,,,,,
,,,,,,,,,,,,,,
,,,,,,,,,,,,,,
,,,,,,,,,,,,,,
,,,,,,,,,,,,,,
,,,,,,,,,,,,,,
,,,,,,,,,,,,,,
,,,,,,,,,,,,,,
,,,,,,,,,,,,,,
,,,,,,,,,,,,,,
,,,,,,,,,,,,,,
,,,,,,,,,,,,,,
,,,,,,,,,,,,,,
,,,,,,,,,,,,,,
,,,,,,,,,,,,,,
,,,,,,,,,,,,,,
,,,,,,,,,,,,,,
,,,,,,,,,,,,,,
,,,,,,,,,,,,,,
,,,,,,,,,,,,,,
,,,,,,,,,,,,,,
,,,,,,,,,,,,,,
,,,,,,,,,,,,,,
,,,,,,,,,,,,,,
,,,,,,,,,,,,,,
,,,,,,,,,,,,,,
,,,,,,,,,,,,,,
,,,,,,,,,,,,,,
,,,,,,,,,,,,,,
,,,,,,,,,,,,,,
,,,,,,,,,,,,,,
,,,,,,,,,,,,,,
,,,,,,,,,,,,,,
,,,,,,,,,,,,,,
,,,,,,,,,,,,,,
,,,,,,,,,,,,,,
,,,,,,,,,,,,,,
,,,,,,,,,,,,,,
,,,,,,,,,,,,,,
,,,,,,,,,,,,,,
,,,,,,,,,,,,,,
,,,,,,,,,,,,,,
,,,,,,,,,,,,,,
,,,,,,,,,,,,,,
,,,,,,,,,,,,,,
,,,,,,,,,,,,,,
,,,,,,,,,,,,,,
,,,,,,,,,,,,,,
,,,,,,,,,,,,,,
,,,,,,,,,,,,,,
,,,,,,,,,,,,,,
,,,,,,,,,,,,,,
,,,,,,,,,,,,,,
,,,,,,,,,,,,,,
,,,,,,,,,,,,,,
,,,,,,,,,,,,,,
,,,,,,,,,,,,,,
,,,,,,,,,,,,,,
,,,,,,,,,,,,,,
,,,,,,,,,,,,,,
,,,,,,,,,,,,,,
,,,,,,,,,,,,,,
,,,,,,,,,,,,,,
,,,,,,,,,,,,,,
,,,,,,,,,,,,,,
,,,,,,,,,,,,,,
,,,,,,,,,,,,,,
,,,,,,,,,,,,,,
,,,,,,,,,,,,,,
,,,,,,,,,,,,,,
,,,,,,,,,,,,,,
,,,,,,,,,,,,,,
,,,,,,,,,,,,,,
,,,,,,,,,,,,,,
,,,,,,,,,,,,,,
,,,,,,,,,,,,,,
,,,,,,,,,,,,,,
,,,,,,,,,,,,,,
,,,,,,,,,,,,,,
,,,,,,,,,,,,,,
,,,,,,,,,,,,,,
,,,,,,,,,,,,,,
,,,,,,,,,,,,,,
,,,,,,,,,,,,,,
,,,,,,,,,,,,,,
,,,,,,,,,,,,,,
,,,,,,,,,,,,,,
,,,,,,,,,,,,,,
,,,,,,,,,,,,,,
,,,,,,,,,,,,,,
,,,,,,,,,,,,,,
,,,,,,,,,,,,,,
,,,,,,,,,,,,,,
,,,,,,,,,,,,,,
,,,,,,,,,,,,,,
,,,,,,,,,,,,,,
,,,,,,,,,,,,,,
,,,,,,,,,,,,,,
,,,,,,,,,,,,,,
,,,,,,,,,,,,,,
,,,,,,,,,,,,,,
,,,,,,,,,,,,,,
,,,,,,,,,,,,,,
,,,,,,,,,,,,,,
,,,,,,,,,,,,,,
,,,,,,,,,,,,,,
,,,,,,,,,,,,,,
,,,,,,,,,,,,,,
,,,,,,,,,,,,,,
,,,,,,,,,,,,,,
,,,,,,,,,,,,,,
,,,,,,,,,,,,,,
,,,,,,,,,,,,,,
,,,,,,,,,,,,,,
,,,,,,,,,,,,,,
,,,,,,,,,,,,,,
,,,,,,,,,,,,,,
,,,,,,,,,,,,,,
,,,,,,,,,,,,,,
,,,,,,,,,,,,,,
,,,,,,,,,,,,,,
,,,,,,,,,,,,,,
,,,,,,,,,,,,,,
,,,,,,,,,,,,,,
,,,,,,,,,,,,,,
